Workbook

Sheet Usevi
B1: JEČAM | D1: Obradivo zemljište (ha): | F1: 0
A3: AGROTEHNIKA I TROŠKOVNIK | E3: OPTIMALNO
A4: R. br. | B4: Tehnološke operacije i korišćeni materijal | C4: Operacija u mesecu | D4: Trošak po kg ili litru (EUR) | E4: Optimalna potrošnja kg ili l/ha | F4: Optimalni troškovi tehnoloških operacija/ha (EUR)
A5: 1 | B5: Transport đubriva | C5: X | D5: 1.23 | E5: 1.2 | F5: =E5*D5 -> 1.476
B6: NPK đubrivo 15:15:15 | D6: 0.35 | E6: 300 | F6: =E6*D6 -> 105
A7: 2 | B7: Rasipanje mineralnih đubriva | C7: X | D7: 1.23 | E7: 1.16 | F7: =E7*D7 -> 1.4268
A8: 3 | B8: Oranje | C8: X | D8: 1.23 | E8: 20.28 | F8: =E8*D8 -> 24.9444
A9: 4 | B9: Tanjiranje | C9: X | D9: 1.23 | E9: 3.78 | F9: =E9*D9 -> 4.6494
A10: 5 | B10: Drljanje | C10: X | D10: 1.23 | E10: 2.28 | F10: =E10*D10 -> 2.8044
A11: 6 | B11: Transport semena | C11: X | D11: 1.23 | E11: 0.96 | F11: =E11*D11 -> 1.1808
B12: Seme | D12: 0.4 | E12: 200 | F12: =E12*D12 -> 80
A13: 7 | B13: Setva | C13: X | D13: 1.23 | E13: 3.36 | F13: =E13*D13 -> 4.1328
A14: 8 | B14: Transport đubriva | C14: II | D14: 1.23 | E14: 0.84 | F14: =E14*D14 -> 1.0332
B15: Đubrivo KAN 27% N | D15: 0.26 | E15: 200 | F15: =E15*D15 -> 52
A16: 9 | B16: Rasipanje mineralnih đubriva | C16: II | D16: 1.23 | E16: 1.16 | F16: =E16*D16 -> 1.4268
A17: 10 | B17: Transport vode - 2 puta | C17: V | D17: 1.23 | E17: =0.96*2 -> 1.92 | F17: =E17*D17 -> 2.3616
A18: 11 | B18: Zaštita bilja - 2 puta | C18: V | D18: 1.23 | E18: =2*0.92 -> 1.84 | F18: =E18*D18 -> 2.2632
B19: Meteor (herbicid) ili | E19: 0.01 | F19: =E19*D19 -> 0
B20: Sekator (herbicid) - 1 put | D20: 94.28 | E20: 0.15 | F20: =E20*D20 -> 14.142
B21: Decis (insekticid) ili | E21: 0 | F21: =E21*D21 -> 0
B22: Falcon (fungicid) - 1 put | D22: 41.26 | E22: 0.6 | F22: =E22*D22 -> 24.756
A23: 12 | B23: Žetva kombajnom | C23: VI-VII | E23: 0 | F23: =E23*D23 -> 0
A24: 13 | B24: Transport ječma | C24: VI-VII | D24: 1.23 | E24: 8 | F24: =E24*D24 -> 9.84
A25: 14 | B25: Balranje slame (bale) | C25: VI-VII | D25: 1.23 | E25: 0 | F25: =E25*D25 -> 0
A26: 15 | B26: Transport slame | C26: VI-VII | D26: 1.23 | E26: 18 | F26: =E26*D26 -> 22.14
A27: UKUPNI TROŠKOVI | F27: =SUM(F5:F26) -> 355.5774 | G27: =F1*F27 -> 0
A28: Potrošnja goriva | E28: =E5+E7+E8+E9+E10+E11+E13+E14+E16+E17+E18+E24+E26 -> 64.78 | G28: Ukupno
A30: Ječam se može sejati u jesen i u proleće. Jesenjom setvom koja je u praksi pretežno zastupljena, postižu se znatno viši prinosi nego proletnjom. Tretiranje hemijskim sredstvima se vrši po potrebi. U praksi se najčešće primenjuje jedno prskanje (herbicidom ili insekticidom) u zavisnosti od potrebe.
B36: PŠENICA | D36: Obradivo zemljište (ha): | F36: 0
A38: AGROTEHNIKA I TROŠKOVNIK | E38: OPTIMALNO
A39: R. br. | B39: Tehnološke operacije i korišćeni materijal | C39: Operacija u mesecu | D39: Trošak po kg ili litru (EUR) | E39: Optimalna potrošnja kg ili l/ha | F39: Optimalni troškovi tehnoloških operacija/ha (EUR)
A40: 1 | B40: Transport đubriva | C40: X | D40: 1.23 | E40: 1.2 | F40: =E40*D40 -> 1.476
B41: NPK đubrivo 15:15:15 | D41: 0.35 | E41: 300 | F41: =E41*D41 -> 105
A42: 2 | B42: Rasipanje mineralnih đubriva | C42: X | D42: 1.23 | E42: 1.16 | F42: =E42*D42 -> 1.4268
A43: 3 | B43: Oranje | C43: X | D43: 1.23 | E43: 20.28 | F43: =E43*D43 -> 24.9444
A44: 4 | B44: Tanjiranje | C44: X | D44: 1.23 | E44: 3.78 | F44: =E44*D44 -> 4.6494
A45: 5 | B45: Drljanje | C45: X | D45: 1.23 | E45: 2.28 | F45: =E45*D45 -> 2.8044
A46: 6 | B46: Transport semena | C46: X | D46: 1.23 | E46: 1.2 | F46: =E46*D46 -> 1.476
B47: Seme | D47: 0.44 | E47: 280 | F47: =E47*D47 -> 123.2
A48: 7 | B48: Setva | C48: X | D48: 1.23 | E48: 3.36 | F48: =E48*D48 -> 4.1328
A49: 8 | B49: Transport đubriva | C49: II | D49: 1.23 | E49: 0.84 | F49: =E49*D49 -> 1.0332
B50: Đubrivo KAN 27% N | D50: 0.26 | E50: 200 | F50: =E50*D50 -> 52
A51: 9 | B51: Rasipanje mineralnih đubriva | C51: II | D51: 1.23 | E51: 1.16 | F51: =E51*D51 -> 1.4268
A52: 10 | B52: Transport vode - 2 puta | C52: V | D52: 1.23 | E52: =0.96*2 -> 1.92 | F52: =E52*D52 -> 2.3616
A53: 11 | B53: Zaštita bilja - 2 puta | C53: V | D53: 1.23 | E53: =0.92*2 -> 1.84 | F53: =E53*D53 -> 2.2632
B54: Meteor (herbicid) ili | E54: 0.01 | F54: =E54*D54 -> 0
B55: Sekator (herbicid) - 1 put | D55: 94.28 | E55: 0.15 | F55: =E55*D55 -> 14.142
B56: Decis (insekticid) ili | E56: 0 | F56: =E56*D56 -> 0
B57: Duet ultra (fungicid) - 1 put | D57: 44.41 | E57: 0.5 | F57: =E57*D57 -> 22.205
A58: 12 | B58: Žetva kombajnom | C58: VII | E58: 0 | F58: =E58*D58 -> 0
A59: 13 | B59: Transport pšenice | C59: VII | D59: 1.23 | E59: 10 | F59: =E59*D59 -> 12.3
A60: 14 | B60: Balranje slame (bale) | C60: VII | E60: 0 | F60: =E60*D60 -> 0
A61: 15 | B61: Transport slame | C61: VII | D61: 1.23 | E61: 24 | F61: =E61*D61 -> 29.52
A62: UKUPNI TROŠKOVI | F62: =SUM(F40:F61) -> 406.3616 | G62: =F36*F62 -> 0
A63: Potrošnja goriva | E63: =E40+E42+E43+E44+E45+E46+E48+E49+E51+E52+E53+E59+E61 -> 73.02 | G63: Ukupno
A65: U zavisnosti od vremena setve postoji ozima (seje se u jesen) i jara (seje se krajem zime) pšenica. Kod nas je u velikom procentu zastupljena ozima pšenica.
B69: TRITIKAL | D69: Obradivo zemljište (ha): | F69: 0
A71: AGROTEHNIKA I TROŠKOVNIK | E71: OPTIMALNO
A72: R. br. | B72: Tehnološke operacije i korišćeni materijal | C72: Operacija u mesecu | D72: Trošak po kg ili litru (EUR) | E72: Optimalna potrošnja kg ili l/ha | F72: Optimalni troškovi tehnoloških operacija/ha (EUR)
A73: 1 | B73: Transport đubriva | C73: X | D73: 1.23 | E73: 1.2 | F73: =E73*D73 -> 1.476
B74: NPK đubrivo 15:15:15 | D74: 0.35 | E74: 300 | F74: =E74*D74 -> 105
A75: 2 | B75: Rasipanje mineralnih đubriva | C75: X | D75: 1.23 | E75: 1.16 | F75: =E75*D75 -> 1.4268
A76: 3 | B76: Oranje | C76: X | D76: 1.23 | E76: 20.28 | F76: =E76*D76 -> 24.9444
A77: 4 | B77: Tanjiranje | C77: X | D77: 1.23 | E77: 3.78 | F77: =E77*D77 -> 4.6494
A78: 5 | B78: Drljanje | C78: X | D78: 1.23 | E78: 2.28 | F78: =E78*D78 -> 2.8044
A79: 6 | B79: Transport semena | C79: X | D79: 1.23 | E79: 1.2 | F79: =E79*D79 -> 1.476
B80: Seme | D80: 0.32 | E80: 300 | F80: =E80*D80 -> 96
A81: 7 | B81: Setva | C81: X | D81: 1.23 | E81: 3.36 | F81: =E81*D81 -> 4.1328
A82: 8 | B82: Transport đubriva | C82: II | D82: 1.23 | E82: 0.84 | F82: =E82*D82 -> 1.0332
B83: Đubrivo KAN 27% N | D83: 0.26 | E83: 200 | F83: =E83*D83 -> 52
A84: 9 | B84: Rasipanje mineralnih đubriva | C84: II | D84: 1.23 | E84: 1.16 | F84: =E84*D84 -> 1.4268
A85: 10 | B85: Transport vode - 2 puta | C85: V | D85: 1.23 | E85: =0.96*2 -> 1.92 | F85: =E85*D85 -> 2.3616
A86: 11 | B86: Zaštita bilja - 2 puta | C86: V | D86: 1.23 | E86: =0.92*2 -> 1.84 | F86: =E86*D86 -> 2.2632
B87: Meteor (herbicid) ili | E87: 0.01 | F87: =E87*D87 -> 0
B88: Sekator (herbicid) - 1 put | D88: 94.28 | E88: 0.15 | F88: =E88*D88 -> 14.142
B89: Decis (insekticid) ili | E89: 0 | F89: =E89*D89 -> 0
B90: Duet ultra (fungicid) - 1 put | D90: 44.41 | E90: 0.5 | F90: =E90*D90 -> 22.205
A91: 12 | B91: Žetva kombajnom | C91: VII | E91: 0 | F91: =E91*D91 -> 0
A92: 13 | B92: Transport tritikala | C92: VII | D92: 1.23 | E92: 11.12 | F92: =E92*D92 -> 13.6776
A93: 14 | B93: Balranje slame (bale) | C93: VII | E93: 0 | F93: =E93*D93 -> 0
A94: 15 | B94: Transport slame | C94: VII | D94: 1.23 | E94: 30 | F94: =E94*D94 -> 36.9
A95: UKUPNI TROŠKOVI | F95: =SUM(F73:F94) -> 387.9192 | G95: =F69*F95 -> 0
A96: Potrošnja goriva | E96: =E73+E75+E76+E77+E78+E79+E81+E82+E84+E85+E86+E92+E94+E93 -> 80.14 | G96: Ukupno
A98: Tritikal u narodu zovu stočno žito, jer se pretežno koristi kao stočna hrana. Tehnologija proizvodnje je ista kao i kod pšenice. Razlikuje se samo po utrošenoj količini semena i ostvarenom prinosu, koji je nešto veći nego kod pšenice.
B103: KUKURUZ | D103: Obradivo zemljište (ha): | F103: 0
A105: AGROTEHNIKA I TROŠKOVNIK | E105: OPTIMALNO
A106: R. br. | B106: Tehnološke operacije i korišćeni materijal | C106: Operacija u mesecu | D106: Trošak po kg ili litru (EUR) | E106: Optimalna potrošnja kg ili l/ha | F106: Optimalni troškovi tehnoloških operacija/ha (EUR)
A107: 1 | B107: Utovar stajnjaka | C107: VII | D107: 1.23 | E107: 5.66 | F107: =E107*D107 -> 6.9618
A108: 2 | B108: Transport i rasturanje stajnjaka | C108: VII | D108: 1.23 | E108: 30 | F108: =E108*D108 -> 36.9
A109: 3 | B109: Zaoravanje strnjike | C109: VII | D109: 1.23 | E109: 17.58 | F109: =E109*D109 -> 21.6234
A110: 4 | B110: Tanjiranje | C110: IX | D110: 1.23 | E110: 3.9 | F110: =E110*D110 -> 4.797
A111: 5 | B111: Transport đubriva | C111: XI | D111: 1.23 | E111: 1.32 | F111: =E111*D111 -> 1.6236
B112: NPK đubrivo 15:15:15 | D112: 0.35 | E112: 300 | F112: =E112*D112 -> 105
A113: 6 | B113: Rasipanje mineralnih đubriva | C113: XI | D113: 1.23 | E113: 1.16 | F113: =E113*D113 -> 1.4268
A114: 7 | B114: Oranje | C114: XI | D114: 1.23 | E114: 21.66 | F114: =E114*D114 -> 26.6418
A115: 8 | B115: Predsetvena priprema zemljišta | C115: IV | D115: 1.23 | E115: 2.16 | F115: =E115*D115 -> 2.6568
B116: Seme (sj) | D116: 34.72 | E116: 2.4 | F116: =E116*D116 -> 83.328
A117: 9 | B117: Setva | C117: IV | D117: 1.23 | E117: 2.76 | F117: =E117*D117 -> 3.3948
A118: 10 | B118: Transport vode - 2 puta | C118: IV | D118: 1.23 | E118: =0.96*2 -> 1.92 | F118: =E118*D118 -> 2.3616
A119: 11 | B119: Zaštita bilja - 2 puta | C119: IV | D119: 1.23 | E119: =0.92*2 -> 1.84 | F119: =E119*D119 -> 2.2632
...

Sheet Povrće
B1: KROMPIR | D1: Obradivo zemljište (ha): | F1: 0
A3: AGROTEHNIKA I TROŠKOVNIK | E3: OPTIMALNO
A4: R. br. | B4: Tehnološke operacije i korišćeni materijal | C4: Operacija u mesecu | D4: Trošak po kg ili litru (EUR) | E4: Optimalna potrošnja kg ili l/ha | F4: Optimalni troškovi tehnoloških operacija/ha (EUR)
A5: 1 | B5: Utovar stajnjaka | C5: VII | D5: 1.23 | E5: 11.32 | F5: =E5*D5 -> 13.9236
A6: 2 | B6: Transport i rasturanje stajnjaka | C6: VII | D6: 1.23 | E6: 60 | F6: =E6*D6 -> 73.8
A7: 3 | B7: Zaoravanje strnjike | C7: VII | D7: 1.23 | E7: 17.58 | F7: =E7*D7 -> 21.6234
A8: 4 | B8: Tanjiranje | C8: IX | D8: 1.23 | E8: 3.9 | F8: =E8*D8 -> 4.797
A9: 5 | B9: Transport đubriva | C9: XI | D9: 1.23 | E9: 2.16 | F9: =E9*D9 -> 2.6568
B10: NPK đubrivo 8:16:24 | D10: 0.34 | E10: 500 | F10: =E10*D10 -> 170
A11: 6 | B11: Rasipanje mineralnih đubriva | C11: XI | D11: 1.23 | E11: 1.16 | F11: =E11*D11 -> 1.4268
A12: 7 | B12: Oranje | C12: XI | D12: 1.23 | E12: 21.66 | F12: =E12*D12 -> 26.6418
A13: 8 | B13: Predsetvena priprema zemljišta | C13: III | D13: 1.23 | E13: 2.16 | F13: =E13*D13 -> 2.6568
A14: 9 | B14: Transport semena | C14: III | D14: 1.23 | E14: 0.57 | F14: =E14*D14 -> 0.7011
B15: Seme | D15: 0.65 | E15: 2500 | F15: =E15*D15 -> 1625
A16: 10 | B16: Sađenje semena | C16: III | D16: 1.23 | E16: 4 | F16: =E16*D16 -> 4.92
A17: 11 | B17: Transport vode | C17: III | D17: 1.23 | E17: 0.96 | F17: =E17*D17 -> 1.1808
A18: 12 | B18: Zaštita bilja | C18: III | D18: 1.23 | E18: 0.92 | F18: =E18*D18 -> 1.1316
B19: Stomp ili | D19: 8.88 | E19: 5 | F19: =E19*D19 -> 44.4
B20: Prometrin | E20: 0 | F20: =E20*D20 -> 0
A21: 13 | B21: Transport đubriva | C21: V | D21: 1.23 | E21: 0.9 | F21: =E21*D21 -> 1.107
B22: Đubrivo urea 46% N | D22: 0.32 | E22: 300 | F22: =E22*D22 -> 96
A23: 14 | B23: Međuredno kultiviranje sa đubrenjem | C23: V | D23: 1.23 | E23: 2.92 | F23: =E23*D23 -> 3.5916
A24: 15 | B24: Transport vode - 4 puta | C24: V-VIII | D24: 1.23 | E24: 3.84 | F24: =E24*D24 -> 4.7232
A25: 16 | B25: Zaštita bilja - 4 puta | C25: V-VIII | D25: 1.23 | E25: 3.68 | F25: =E25*D25 -> 4.5264
B26: Sencor + | D26: 56.52 | E26: 0.5 | F26: =E26*D26 -> 28.26
B27: Confidor - 1. put | D27: 170.37 | E27: 0.2 | F27: =E27*D27 -> 34.074
B28: Confidor + | D28: 170.37 | E28: 0.2 | F28: =E28*D28 -> 34.074
B29: Ridomil - 2. put | D29: 26.64 | E29: 2.5 | F29: =E29*D29 -> 66.6
B30: Ridomil + | D30: 26.64 | E30: 2.5 | F30: =E30*D30 -> 66.6
B31: Confidor - 3. put | D31: 170.37 | E31: 0.2 | F31: =E31*D31 -> 34.074
B32: Equation - 4. put | D32: 111.02 | E32: 0.4 | F32: =E32*D32 -> 44.408
A33: 17 | B33: Navodnjavanje - 2 puta | C33: V-VII | D33: 1.23 | E33: 80 | F33: =E33*D33 -> 98.4
A34: 18 | B34: Drugo međuredno kultiviranje | C34: VI | D34: 1.23 | E34: 2.92 | F34: =E34*D34 -> 3.5916
A35: 19 | B35: Vađenje krompira | C35: VIII | D35: 1.23 | E35: 16 | F35: =E35*D35 -> 19.68
A36: 20 | B36: Transport krompira | C36: VIII | D36: 1.23 | E36: 20 | F36: =E36*D36 -> 24.6
A37: UKUPNI TROŠKOVI | F37: =SUM(F5:F36) -> 2559.1695 | G37: =F1*F37 -> 0
A38: Potrošnja goriva | E38: =E5+E6+E7+E8+E9+E11+E12+E13+E14+E16+E17+E18+E21+E23+E24+E25+E33+E34+E36 -> 240.65 | G38: Ukupno
A40: Krompir se sadi krajem marta meseca. Prinosi se kreću od 15-25 t/ha. Vegetacija za mlad krompir iznosi oko 60-70 dana, a za merkantilni krompir do 150 dana.
B44: PASULJ | D44: Obradivo zemljište (ha): | F44: 0
A46: AGROTEHNIKA I TROŠKOVNIK | E46: OPTIMALNO
A47: R. br. | B47: Tehnološke operacije i korišćeni materijal | C47: Operacija u mesecu | D47: Trošak po kg ili litru (EUR) | E47: Optimalna potrošnja kg ili l/ha | F47: Optimalni troškovi tehnoloških operacija/ha (EUR)
A48: 1 | B48: Zaoravanje strnjike | C48: VII | D48: 1.23 | E48: 17.58 | F48: =E48*D48 -> 21.6234
A49: 2 | B49: Tanjiranje | C49: IX | D49: 1.23 | E49: 3.9 | F49: =E49*D49 -> 4.797
A50: 3 | B50: Transport đubriva | C50: XI | D50: 1.23 | E50: 0.9 | F50: =E50*D50 -> 1.107
B51: NPK đubrivo 8:16:24 | D51: 0.34 | E51: 200 | F51: =E51*D51 -> 68
A52: 4 | B52: Rasipanje mineralnih đubriva | C52: XI | D52: 1.23 | E52: 1.16 | F52: =E52*D52 -> 1.4268
A53: 5 | B53: Oranje | C53: XI | D53: 1.23 | E53: 21.66 | F53: =E53*D53 -> 26.6418
A54: 6 | B54: Transport đubriva | C54: IV | D54: 1.23 | E54: 0.96 | F54: =E54*D54 -> 1.1808
B55: Đubrivo KAN 27% N | D55: 0.26 | E55: 200 | F55: =E55*D55 -> 52
A56: 7 | B56: Rasipanje mineralnih đubriva | C56: IV | D56: 1.23 | E56: 1.16 | F56: =E56*D56 -> 1.4268
A57: 8 | B57: Predsetvena priprema zemljišta | C57: IV | D57: 1.23 | E57: 2.16 | F57: =E57*D57 -> 2.6568
A58: 9 | B58: Transport semena | C58: IV | D58: 1.23 | E58: 0.24 | F58: =E58*D58 -> 0.2952
B59: Seme | D59: 8.07 | E59: 100 | F59: =E59*D59 -> 807
A60: 10 | B60: Setva | C60: IV | D60: 1.23 | E60: 1.8 | F60: =E60*D60 -> 2.214
A61: 11 | B61: Transport vode | C61: IV | D61: 1.23 | E61: 0.96 | F61: =E61*D61 -> 1.1808
A62: 12 | B62: Zaštita bilja - herbicidi | C62: IV | D62: 1.23 | E62: 0.92 | F62: =E62*D62 -> 1.1316
B63: Savazon + | D63: 9.45 | E63: 2.5 | F63: =E63*D63 -> 23.625
B64: Passat | D64: 45.14 | E64: 0.3 | F64: =E64*D64 -> 13.542
A65: 13 | B65: Prvo međuredno kultiviranje | C65: V | D65: 1.23 | E65: 1.6 | F65: =E65*D65 -> 1.968
A66: 14 | B66: Transport vode | C66: V | D66: 1.23 | E66: 0.96 | F66: =E66*D66 -> 1.1808
A67: 15 | B67: Zaštita biljaka | C67: V | D67: 1.23 | E67: 0.92 | F67: =E67*D67 -> 1.1316
B68: Fusilade (herbicid) | D68: 26.65 | E68: 1.2 | F68: =E68*D68 -> 31.98
A69: 16 | B69: Drugo međuredno kultiviranje | C69: VI | D69: 1.23 | E69: 1.6 | F69: =E69*D69 -> 1.968
A70: 17 | B70: Transport vode - 2 puta | C70: VI | D70: 1.23 | E70: =0.96*2 -> 1.92 | F70: =E70*D70 -> 2.3616
A71: 18 | B71: Zaštita bilja - 2 puta | C71: VI | D71: 1.23 | E71: =0.92*2 -> 1.84 | F71: =E71*D71 -> 2.2632
B72: Ditan (herbicid) + | D72: 6.46 | E72: 2.5 | F72: =E72*D72 -> 16.15
B73: Decis (insecticid) - 1. put | D73: 26.24 | E73: 0.3 | F73: =E73*D73 -> 7.872
B74: Ditan (herbicid) + | D74: 6.46 | E74: 2.5 | F74: =E74*D74 -> 16.15
B75: Decis (insecticid) - 2. put | D75: 26.24 | E75: 0.3 | F75: =E75*D75 -> 7.872
A76: 19 | B76: Žetva pasulja | C76: VI-VII | D76: 1.23 | E76: 8.33 | F76: =E76*D76 -> 10.2459
A77: 20 | B77: Transport pasulja | C77: VI-VII | D77: 1.23 | E77: 5.64 | F77: =E77*D77 -> 6.9372
A78: UKUPNI TROŠKOVI | F78: =SUM(F48:F77) -> 1137.9293 | G78: =F44*F78 -> 0
A79: Potrošnja goriva | E79: =E48+E49+E50+E52+E53+E54+E56+E57+E58+E60+E61+E62+E65+E66+E67+E69+E70+E71+E77 -> 67.88 | G79: Ukupno
A81: Prosečan prinos pasulja je 1.5-2.5 t/ha.
B85: ROTKVICA | D85: Obradivo zemljište (ha): | F85: 0
A87: AGROTEHNIKA I TROŠKOVNIK | E87: OPTIMALNO
A88: R. br. | B88: Tehnološke operacije i korišćeni materijal | C88: Operacija u mesecu | D88: Trošak po kg ili litru (EUR) | E88: Optimalna potrošnja kg ili l/ha | F88: Optimalni troškovi tehnoloških operacija/ha (EUR)
A89: 1 | B89: Transport đubriva | C89: X | D89: 1.23 | E89: 1.44 | F89: =E89*D89 -> 1.7712
B90: NPK đubrivo 8:16:24 | C90: X | D90: 0.34 | E90: 500 | F90: =E90*D90 -> 170
A91: 2 | B91: Rasipanje mineralnih đubriva | C91: X | D91: 1.23 | E91: 1.16 | F91: =E91*D91 -> 1.4268
A92: 3 | B92: Utovar stajnjaka | C92: X | D92: 1.23 | E92: 11.32 | F92: =E92*D92 -> 13.9236
A93: 4 | B93: Transport i rasturanje stajnjaka | C93: X | D93: 1.23 | E93: 60 | F93: =E93*D93 -> 73.8
A94: 5 | B94: Oranje | C94: X | D94: 1.23 | E94: 21.66 | F94: =E94*D94 -> 26.6418
A95: 6 | B95: Transport đubriva | C95: III | D95: 1.23 | E95: 0.84 | F95: =E95*D95 -> 1.0332
B96: Đubrivo urea 46% N | D96: 0.32 | E96: 200 | F96: =E96*D96 -> 64
A97: 7 | B97: Rasipanje mineralnih đubriva | C97: III | D97: 1.23 | E97: 1.16 | F97: =E97*D97 -> 1.4268
A98: 8 | B98: Drljanje | C98: III | D98: 1.23 | E98: 2.28 | F98: =E98*D98 -> 2.8044
B99: Seme (kg) | D99: 79.45 | E99: 10 | F99: =E99*D99 -> 794.5
A100: 9 | B100: Setva | C100: IV | D100: 1.23 | E100: 3.15 | F100: =E100*D100 -> 3.8745
A101: 10 | B101: Transport vode - 2 puta | C101: V | D101: 1.23 | E101: =0.96*2 -> 1.92 | F101: =E101*D101 -> 2.3616
A102: 11 | B102: Zaštita bilja - 2 puta | C102: V | D102: 1.23 | E102: =0.92*2 -> 1.84 | F102: =E102*D102 -> 2.2632
B103: Triflureks (herbicid) - 1. put | D103: 7.02 | E103: 2.5 | F103: =E103*D103 -> 17.55
B104: Decis (insecticid) - 2. put | D104: 26.24 | E104: 0.3 | F104: =E104*D104 -> 7.872
A105: 12 | B105: Međuredno kultiviranje - 2 puta | C105: V | D105: 1.23 | E105: 5.6 | F105: =E105*D105 -> 6.888
A106: 13 | B106: Navodnjavanje - 2 puta | C106: IV-V | D106: 1.23 | E106: =40*2 -> 80 | F106: =E106*D106 -> 98.4
A107: 14 | B107: Vađenje rotkvice | C107: VI-VII | D107: 1.23 | E107: 11.6 | F107: =E107*D107 -> 14.268
A108: 15 | B108: Transport rotkvice | C108: VI-VII | D108: 1.23 | E108: 22.24 | F108: =E108*D108 -> 27.3552
A109: UKUPNI TROŠKOVI | F109: =SUM(F89:F108) -> 1332.1603 | G109: =F85*F109 -> 0
A110: Potrošnja goriva | E110: =E89+E91+E92+E93+E94+E95+E97+E98+E100+E101+E102+E105+E106+E107+E108 -> 226.21 | G110: Ukupno
A112: Rotkvica se seje krajem februara i početkom marta za ranu potrošnju, u aprilu za srednju, i u septembru za kasnu jesenju potrošnju. Rotkvica se redovno zaliva svakih 7-10 dana sa 20-30 mm vode. Herbicidi se ne koriste u proizvodnji, već samo insekticidi. Vegetacija je 30-60 dana. Prinos je oko 10 t/ha.
...

Sheet Voće
B1: ŠLJIVA - ekstenzivan zasad | D1: Obradivo zemljište (ha): | F1: 0
A3: AGROTEHNIKA I TROŠKOVNIK | E3: OPTIMALNO
A4: R. br. | B4: Tehnološke operacije i korišćeni materijal | C4: Operacija u mesecu | D4: Trošak po kg ili litru (EUR) | E4: Optimalna potrošnja kg ili l/ha | F4: Optimalni troškovi tehnoloških operacija/ha (EUR)
A5: 1 | B5: Transport đubriva | C5: III | D5: 1.23 | E5: 2.16 | F5: =(E5*D5) -> 2.6568
B6: NPK đubrivo 8:16:24 | D6: 0.34 | E6: 100 | F6: =(E6*D6) -> 34
A7: 2 | B7: Rasipanje mineralnih đubriva | C7: III | D7: 1.23 | E7: 1.16 | F7: =(E7*D7) -> 1.4268
A8: 3 | B8: Kultiviranje/košenje - 2 puta | C8: IV/VI,VII | D8: 1.23 | E8: 10.56 | F8: =(E8*D8) -> 12.9888
A9: 4 | B9: Transport đubriva | C9: IV | D9: 1.23 | E9: 2.16 | F9: =(E9*D9) -> 2.6568
B10: Đubrivo KAN 27% N | D10: 0.26 | E10: 100 | F10: =(E10*D10) -> 26
A11: 5 | B11: Rasipanje mineralnih đubriva | C11: IV | D11: 1.23 | E11: 1.16 | F11: =(E11*D11) -> 1.4268
A12: 6 | B12: Transport vode - 2 puta | C12: II-IV | D12: 1.23 | E12: 1.56 | F12: =(E12*D12) -> 1.9188
A13: 7 | B13: Zaštita bilja - 2 puta | C13: II-IV | D13: 1.23 | E13: 1.84 | F13: =(E13*D13) -> 2.2632
B14: Bakarni oksi hlorid + | D14: 10.01 | E14: 6 | F14: =(E14*D14) -> 60.06
B15: Chorus - 1. put | C15: II | D15: 115.87 | E15: 0.2 | F15: =(E15*D15) -> 23.174
B16: Perfection + | D16: 9.19 | E16: 1.5 | F16: =(E16*D16) -> 13.785
B17: Ditan - 2. put | C17: IV | D17: 6.46 | E17: 2.5 | F17: =(E17*D17) -> 16.15
A18: 8 | B18: Transport šljive | C18: VII-IX | D18: 1.23 | E18: 8 | F18: =(E18*D18) -> 9.84
A19: UKUPNI TROŠKOVI | F19: =SUM(F5:F18) -> 208.347 | G19: =F1*F19 -> 0
A20: Potrošnja goriva | E20: =E5+E7+E8+E9+E11+E12+E13+E18 -> 28.6 | G20: Ukupno
A22: Komentar:
B26: ŠLJIVA - intenzivan zasad | D26: Obradivo zemljište (ha): | F26: 0
A28: AGROTEHNIKA I TROŠKOVNIK | E28: OPTIMALNO
A29: R. br. | B29: Tehnološke operacije i korišćeni materijal | C29: Operacija u mesecu | D29: Trošak po kg ili litru (EUR) | E29: Optimalna potrošnja kg ili l/ha | F29: Optimalni troškovi tehnoloških operacija/ha (EUR)
A30: 1 | B30: Površinska obrada zemljišta | C30: XI | D30: 1.23 | E30: 15 | F30: =E30*D30 -> 18.45
A31: 2 | B31: Transport đubriva | C31: III | D31: 1.23 | E31: 2.16 | F31: =(E31*D31) -> 2.6568
B32: NPK đubrivo 8:16:24 | D32: 0.34 | E32: 500 | F32: =(E32*D32) -> 170
A33: 3 | B33: Rasipanje mineralnih đubriva | C33: III | D33: 1.23 | E33: 1.16 | F33: =(E33*D33) -> 1.4268
A34: 4 | B34: Međuredno kultiviranje - 4 puta | C34: III,IV,VI,VII | D34: 1.23 | E34: 10.56 | F34: =(E34*D34) -> 12.9888
A35: 5 | B35: Transport đubriva | C35: IV | D35: 1.23 | E35: 2.16 | F35: =(E35*D35) -> 2.6568
B36: Đubrivo KAN 27% N | D36: 0.26 | E36: 500 | F36: =(E36*D36) -> 130
A37: 6 | B37: Rasipanje mineralnih đubriva | C37: IV | D37: 1.23 | E37: 1.16 | F37: =(E37*D37) -> 1.4268
A38: 7 | B38: Transport vode - 7 puta | C38: II-X | D38: 1.23 | E38: 5.46 | F38: =(E38*D38) -> 6.7158
A39: 8 | B39: Zaštita bilja - 7 puta | C39: II-X | D39: 1.23 | E39: 6.44 | F39: =(E39*D39) -> 7.9212
B40: Crveno ulje - 1. put | C40: II | D40: 6.06 | E40: 30 | F40: =(E40*D40) -> 181.8
B41: Chorus + | D41: 115.87 | E41: 0.2 | F41: =(E41*D41) -> 23.174
B42: Kubik - 2. put | C42: III | D42: 15.5 | E42: 1 | F42: =(E42*D42) -> 15.5
B43: Perfection - 3. put | C43: IV | D43: 9.19 | E43: 1.5 | F43: =(E43*D43) -> 13.785
B44: Ditan + | D44: 6.46 | E44: 2.5 | F44: =(E44*D44) -> 16.15
B45: Nurel - 4. put | C45: V | D45: 12.11 | E45: 1 | F45: =(E45*D45) -> 12.11
B46: Captan + | D46: 11.71 | E46: 3 | F46: =(E46*D46) -> 35.13
B47: Decis - 5. put | C47: VI | D47: 26.24 | E47: 1 | F47: =(E47*D47) -> 26.24
B48: Switch + | D48: 190.75 | E48: 0.8 | F48: =(E48*D48) -> 152.6
B49: Decis - 6. put | C49: VII | D49: 26.46 | E49: 1 | F49: =(E49*D49) -> 26.46
B50: Bakarni oksi hlorid - 7. put | C50: X | D50: 10.01 | E50: 6 | F50: =(E50*D50) -> 60.06
A51: 9 | B51: Transport šljive | C51: VII-IX | D51: 1.23 | E51: 15 | F51: =(E51*D51) -> 18.45
A52: UKUPNI TROŠKOVI | F52: =SUM(F30:F51) -> 935.702 | G52: =F26*F52 -> 0
A53: Potrošnja goriva | E53: =E30+E31+E33+E34+E35+E37+E38+E39+E51 -> 59.1 | G53: Ukupno
A55: Komentar:
B59: JABUKA - ekstenzivan zasad | D59: Obradivo zemljište (ha): | F59: 0
A61: AGROTEHNIKA I TROŠKOVNIK | E61: OPTIMALNO
A62: R. br. | B62: Tehnološke operacije i korišćeni materijal | C62: Operacija u mesecu | D62: Trošak po kg ili litru (EUR) | E62: Optimalna potrošnja kg ili l/ha | F62: Optimalni troškovi tehnoloških operacija/ha (EUR)
A63: 1 | B63: Površinska obrada zemljišta | C63: III | D63: 1.23 | E63: 15 | F63: =E63*D63 -> 18.45
A64: 2 | B64: Transport đubriva | C64: III | D64: 1.23 | E64: 1.08 | F64: =(E64*D64) -> 1.3284
B65: NPK đubrivo 8:16:24 | D65: 0.34 | E65: 300 | F65: =(E65*D65) -> 102
A66: 3 | B66: Rasipanje mineralnih đubriva | C66: III | D66: 1.23 | E66: 1.16 | F66: =(E66*D66) -> 1.4268
A67: 4 | B67: Međuredno kultiviranje - 4 puta | C67: III,IV,VI,VII | D67: 1.23 | E67: 10.56 | F67: =(E67*D67) -> 12.9888
A68: 5 | B68: Transport đubriva | C68: IV | D68: 1.23 | E68: 1.08 | F68: =(E68*D68) -> 1.3284
B69: Đubrivo KAN 27% N | D69: 0.26 | E69: 200 | F69: =(E69*D69) -> 52
A70: 6 | B70: Rasipanje mineralnih đubriva | C70: IV | D70: 1.23 | E70: 1.16 | F70: =(E70*D70) -> 1.4268
A71: 7 | B71: Transport vode - 4 puta | C71: III-VI | D71: 1.23 | E71: 3.12 | F71: =(E71*D71) -> 3.8376
A72: 8 | B72: Zaštita bilja - 4 puta | C72: III-VI | D72: 1.23 | E72: 3.68 | F72: =(E72*D72) -> 4.5264
B73: Bakarni oksi hlorid - 1. put | C73: III | D73: 10.01 | E73: 6 | F73: =(E73*D73) -> 60.06
B74: Galmin + | D74: 4.44 | E74: 3 | F74: =(E74*D74) -> 13.32
B75: Perfection - 2. put | C75: V | D75: 9.19 | E75: 1 | F75: =(E75*D75) -> 9.19
B76: Ditan + | D76: 6.46 | E76: 2.5 | F76: =(E76*D76) -> 16.15
B77: Talstar - 3. put | C77: VI | D77: 52.89 | E77: 0.2 | F77: =(E77*D77) -> 10.578
B78: Ridomil + | D78: 22.64 | E78: 2.5 | F78: =(E78*D78) -> 56.6
B79: Stroby - 4. put | C79: VI | D79: 141.3 | E79: 0.2 | F79: =(E79*D79) -> 28.26
A80: 9 | B80: Transport jabuka | C80: IX, X | D80: 1.23 | E80: 15 | F80: =(E80*D80) -> 18.45
A81: UKUPNI TROŠKOVI | F81: =SUM(F63:F80) -> 411.9212 | G81: =F59*F81 -> 0
A82: Potrošnja goriva | E82: =E63+E64+E66+E67+E68+E70+E71+E72+E80 -> 51.84 | G82: Ukupno
A84: Komentar:
B88: JABUKA - intenzivan zasad | D88: Obradivo zemljište (ha): | F88: 0
A90: AGROTEHNIKA I TROŠKOVNIK | E90: OPTIMALNO
A91: R. br. | B91: Tehnološke operacije i korišćeni materijal | C91: Operacija u mesecu | D91: Trošak po kg ili litru (EUR) | E91: Optimalna potrošnja kg ili l/ha | F91: Optimalni troškovi tehnoloških operacija/ha (EUR)
A92: 1 | B92: Površinska obrada zemljišta | C92: XI | D92: 1.23 | E92: 15 | F92: =E92*D92 -> 18.45
A93: 2 | B93: Transport đubriva | C93: III | D93: 1.23 | E93: 4.32 | F93: =(E93*D93) -> 5.3136
B94: NPK đubrivo 8:16:24 | D94: 0.34 | E94: 1000 | F94: =(E94*D94) -> 340
A95: 3 | B95: Rasipanje mineralnih đubriva | C95: III | D95: 1.23 | E95: 2.32 | F95: =(E95*D95) -> 2.8536
A96: 4 | B96: Međuredno kultiviranje - 4 puta | C96: III,IV,VI,VII | D96: 1.23 | E96: 10.56 | F96: =(E96*D96) -> 12.9888
A97: 5 | B97: Transport đubriva | C97: IV | D97: 1.23 | E97: 2.16 | F97: =(E97*D97) -> 2.6568
B98: Đubrivo KAN 27% N | D98: 0.26 | E98: 500 | F98: =(E98*D98) -> 130
A99: 6 | B99: Rasipanje mineralnih đubriva | C99: IV | D99: 1.23 | E99: 1.16 | F99: =(E99*D99) -> 1.4268
A100: 7 | B100: Transport vode - 11 puta | C100: II-VIII | D100: 1.23 | E100: 8.58 | F100: =(E100*D100) -> 10.5534
A101: 8 | B101: Zaštita bilja - 11 puta | C101: II-VIII | D101: 1.23 | E101: 10.12 | F101: =(E101*D101) -> 12.4476
B102: Mineralno ulje - 1. put | C102: II | D102: 3.19 | E102: 30 | F102: =(E102*D102) -> 95.7
B103: Bakarni oksi hlorid + | D103: 10.01 | E103: 6 | F103: =(E103*D103) -> 60.06
B104: Nurel - 2. put | C104: III | D104: 12.11 | E104: 1 | F104: =(E104*D104) -> 12.11
B105: Ditan + | D105: 6.46 | E105: 2.5 | F105: =(E105*D105) -> 16.15
B106: Stroby + | D106: 141.3 | E106: 0.2 | F106: =(E106*D106) -> 28.26
B107: Skore - 3. put | C107: IV | D107: 113.04 | E107: 0.2 | F107: =(E107*D107) -> 22.608
B108: Perfection + | D108: 9.19 | E108: 1.5 | F108: =(E108*D108) -> 13.785
B109: Ditan + | D109: 6.46 | E109: 2.5 | F109: =(E109*D109) -> 16.15
B110: Impact - 4.put | C110: V | D110: 25.03 | E110: 0.08 | F110: =(E110*D110) -> 2.0024
B111: Perfection + | D111: 9.19 | E111: 1.5 | F111: =(E111*D111) -> 13.785
B112: Ditan - 5. put | C112: V | D112: 6.46 | E112: 2.5 | F112: =(E112*D112) -> 16.15
B113: Captan + | D113: 11.71 | E113: 3 | F113: =(E113*D113) -> 35.13
B114: Nurel + | D114: 12.11 | E114: 1 | F114: =(E114*D114) -> 12.11
B115: Topas - 6. put | C115: V | D115: 72.67 | E115: 0.25 | F115: =(E115*D115) -> 18.1675
B116: Captan + | D116: 11.71 | E116: 3 | F116: =(E116*D116) -> 35.13
...

Sheet Plastenici
B1: PARADAJZ | F1: Broj plastenika | G1: 0
F2: Veličina plastenika (20*5 m2)
A3: R. br. | B3: Tehnološke operacije / korišćeni materijal | C3: Operacija u mesecu | D3: Potrošnja kg ili l /plastenik | E3: Trošak po kg ili l (EUR) | F3: Ukupni troškovi/plastenik | G3: Ukupni troškovi /obradivo zemljište
A4: 1 | B4: Materijal
B5: Seme | C5: II | D5: 400 | E5: 0.097 | F5: =+D5*E5 -> 38.8 | G5: =+F5*$G$1 -> 0
A6: 2 | B6: Đubrivo
B7: N:P:K 15:15:15 | C7: III | D7: 10 | E7: 0.35 | F7: =+D7*E7 -> 3.5 | G7: =+F7*$G$1 -> 0
B8: Kemira 15:30:15 | C8: V | D8: 4 | E8: 2.18 | F8: =+D8*E8 -> 8.72 | G8: =+F8*$G$1 -> 0
B9: Kemira 10:15:26 | C9: V-VIII | D9: 20 | E9: 1.98 | F9: =+D9*E9 -> 39.6 | G9: =+F9*$G$1 -> 0
B10: Vuksal super | C10: V-VIII | D10: 0.1 | E10: 2.83 | F10: =+D10*E10 -> 0.283 | G10: =+F10*$G$1 -> 0
B11: Jara kalcinit | C11: V-VIII | D11: 10 | E11: 0.73 | F11: =+D11*E11 -> 7.3 | G11: =+F11*$G$1 -> 0
A12: 3 | B12: Pesticidi | C12: III-VIII
B13: Equation - 2 puta | D13: 0.008 | E13: 111.02 | F13: =+D13*E13 -> 0.88816 | G13: =+F13*$G$1 -> 0
B14: Antracol - 2 puta | D14: 0.06 | E14: 11.24 | F14: =+D14*E14 -> 0.6744 | G14: =+F14*$G$1 -> 0
B15: Ripcord - 2 puta | D15: 0.06 | E15: 43.6 | F15: =+D15*E15 -> 2.616 | G15: =+F15*$G$1 -> 0
B16: Ridomil - 2 puta | D16: 0.06 | E16: 22.64 | F16: =+D16*E16 -> 1.3584 | G16: =+F16*$G$1 -> 0
B17: Rovocid | D17: 1 | E17: 2.83 | F17: =+D17*E17 -> 2.83 | G17: =+F17*$G$1 -> 0
A18: 4 | B18: Konopac-vezivanje struka u plasten. | D18: 10 | E18: 2.41 | F18: =+D18*E18 -> 24.1 | G18: =+F18*$G$1 -> 0
A19: 5 | B19: Navodnjavanje | C19: III-VIII | D19: 20 | E19: 1.17 | F19: =+D19*E19 -> 23.4 | G19: =+F19*$G$1 -> 0
A20: 6 | B20: Usluge | H20: BROJ STRUKA U PLASTENIKU
B21: 1. Obrada | C21: III-VIII | D21: 3 | E21: 1.17 | F21: =+D21*E21 -> 3.51 | G21: =+F21*$G$1 -> 0
B22: 2. Zaštita (8x) | C22: III-VIII | D22: 4 | E22: 1.17 | F22: =+D22*E22 -> 4.68 | G22: =+F22*$G$1 -> 0 | H22: 400
B23: 3. Transport | C23: VI-IX | F23: 0 | G23: =+F23*$G$1 -> 0 | H23: TROŠAK PO STRUKU
A24: UKUPNI TROŠKOVI | F24: =SUM(F5:F23) -> 162.25996 | G24: =SUM(G5:G23) -> 0 | H24: =+F24/H22 -> 0.4056499
B26: PAPRIKA SLATKA | F26: Broj plastenika | G26: 0
F27: Veličina plastenika (20*5 m2)
A28: R. br. | B28: Tehnološke operacije / korišćeni materijal | C28: Operacija u mesecu | D28: Potrošnja kg ili l /plastenik | E28: Trošak po kg ili l (EUR) | F28: Ukupni troškovi/plastenik | G28: Ukupni troškovi /obradivo zemljište
A29: 1 | B29: Materijal
B30: Seme | C30: II | D30: 640 | E30: 0.078 | F30: =+D30*E30 -> 49.92 | G30: =+F30*$G$26 -> 0
A31: 2 | B31: Đubrivo
B32: N:P:K 15:15:15 | C32: III | D32: 10 | E32: 0.35 | F32: =+D32*E32 -> 3.5 | G32: =+F32*$G$26 -> 0
B33: Kemira 15:30:15 | C33: V | D33: 4 | E33: 2.18 | F33: =+D33*E33 -> 8.72 | G33: =+F33*$G$26 -> 0
B34: Kemira 10:15:26 | C34: V-VIII | D34: 20 | E34: 1.98 | F34: =+D34*E34 -> 39.6 | G34: =+F34*$G$26 -> 0
B35: Vuksal super | C35: V-VIII | D35: 0.1 | E35: 2.83 | F35: =+D35*E35 -> 0.283 | G35: =+F35*$G$26 -> 0
B36: Jara kalcinit | C36: V-VIII | D36: 10 | E36: 0.73 | F36: =+D36*E36 -> 7.3 | G36: =+F36*$G$26 -> 0
A37: 3 | B37: Pesticidi | C37: III-VIII
B38: Equation - 1 put | D38: 0.004 | E38: 111.02 | F38: =+D38*E38 -> 0.44408 | G38: =+F38*$G$26 -> 0
B39: Bakarni oksihlorid - 1 put | D39: 0.05 | E39: 10.01 | F39: =+D39*E39 -> 0.5005 | G39: =+F39*$G$26 -> 0
B40: Aktara + | D40: 0.006 | E40: 292.69 | F40: =+D40*E40 -> 1.75614 | G40: =+F40*$G$26 -> 0
B41: Ditan - 1 put | D41: 0.025 | E41: 6.46 | F41: =+D41*E41 -> 0.1615 | G41: =+F41*$G$26 -> 0
B42: Talstar + | D42: 0.0015 | E42: 52.89 | F42: =+D42*E42 -> 0.079335 | G42: =+F42*$G$26 -> 0
B43: Signum - 1 put | D43: 0.0032 | E43: 76.71 | F43: =+D43*E43 -> 0.245472 | G43: =+F43*$G$26 -> 0
B44: Laser - 2 puta | D44: 0.02 | E44: 234.15 | F44: =+D44*E44 -> 4.683 | G44: =+F44*$G$26 -> 0
B45: Rovocid | D45: 1 | E45: 2.83 | F45: =+D45*E45 -> 2.83 | G45: =+F45*$G$26 -> 0
A46: 4 | B46: Navodnjavanje | C46: III-VIII | D46: 20 | E46: 1.17 | F46: =+D46*E46 -> 23.4 | G46: =+F46*$G$26 -> 0
A47: 5 | B47: Usluge | H47: BROJ STRUKA U PLASTENIKU
B48: 1. Obrada | C48: III-VIII | D48: 3 | E48: 1.17 | F48: =+D48*E48 -> 3.51 | G48: =+F48*$G$26 -> 0
B49: 2. Zaštita (6x) | C49: III-VIII | D49: 3 | E49: 1.17 | F49: =+D49*E49 -> 3.51 | G49: =+F49*$G$26 -> 0 | H49: 640
B50: 3. Transport | C50: VI-IX | F50: =+D50*E50 -> 0 | G50: =+F50*$G$26 -> 0 | H50: TROŠAK PO STRUKU
A51: UKUPNI TROŠKOVI | F51: =SUM(F29:F50) -> 150.44303 | G51: =SUM(G30:G50) -> 0 | H51: =+F51/H49 -> 0.23506723
B53: PAPRIKA LJUTA | F53: Broj plastenika | G53: 0
F54: Veličina plastenika (20*5 m2)
A55: R. br. | B55: Tehnološke operacije / korišćeni materijal | C55: Operacija u mesecu | D55: Potrošnja kg ili l /plastenik | E55: Trošak po kg ili l (EUR) | F55: Ukupni troškovi/plastenik | G55: Ukupni troškovi /obradivo zemljište
A56: 1 | B56: Materijal
B57: Seme | C57: II | D57: 600 | E57: 0.078 | F57: =+D57*E57 -> 46.8 | G57: =+F57*$G$53 -> 0
A58: 2 | B58: Đubrivo
B59: N:P:K 15:15:15 | C59: III | D59: 10 | E59: 0.35 | F59: =+D59*E59 -> 3.5 | G59: =+F59*$G$53 -> 0
B60: Kemira 15:30:15 | C60: V | D60: 4 | E60: 2.18 | F60: =+D60*E60 -> 8.72 | G60: =+F60*$G$53 -> 0
B61: Kemira 10:15:26 | C61: V-VIII | D61: 20 | E61: 1.98 | F61: =+D61*E61 -> 39.6 | G61: =+F61*$G$53 -> 0
B62: Vuksal super | C62: V-VIII | D62: 0.1 | E62: 2.83 | F62: =+D62*E62 -> 0.283 | G62: =+F62*$G$53 -> 0
B63: Jara kalcinit | C63: V-VIII | D63: 10 | E63: 0.61 | F63: =+D63*E63 -> 6.1 | G63: =+F63*$G$53 -> 0
A64: 3 | B64: Pesticidi | C64: III-VIII
B65: Equation - 1 put | D65: 0.004 | E65: 111.02 | F65: =+D65*E65 -> 0.44408 | G65: =+F65*$G$53 -> 0
B66: Bakarni oksihlorid - 1 put | D66: 0.05 | E66: 10.01 | F66: =+D66*E66 -> 0.5005 | G66: =+F66*$G$53 -> 0
B67: Aktara + | D67: 0.006 | E67: 292.69 | F67: =+D67*E67 -> 1.75614 | G67: =+F67*$G$53 -> 0
B68: Ditan - 1 put | D68: 0.025 | E68: 6.36 | F68: =+D68*E68 -> 0.159 | G68: =+F68*$G$53 -> 0
B69: Talstar + | D69: 0.0015 | E69: 52.89 | F69: =+D69*E69 -> 0.079335 | G69: =+F69*$G$53 -> 0
B70: Signum - 1 put | D70: 0.0032 | E70: 76.71 | F70: =+D70*E70 -> 0.245472 | G70: =+F70*$G$53 -> 0
B71: Laser - 2 puta | D71: 0.02 | E71: 234.15 | F71: =+D71*E71 -> 4.683 | G71: =+F71*$G$53 -> 0
B72: Rovocid | D72: 1 | E72: 2.83 | F72: =+D72*E72 -> 2.83 | G72: =+F72*$G$53 -> 0
A73: 4 | B73: Navodnjavanje | C73: III-VIII | D73: 20 | E73: 1.17 | F73: =+D73*E73 -> 23.4 | G73: =+F73*$G$53 -> 0
A74: 5 | B74: Usluge | H74: BROJ STRUKA U PLASTENIKU
B75: 1. Obrada | C75: III-VIII | D75: 3 | E75: 1.17 | F75: =+D75*E75 -> 3.51 | G75: =+F75*$G$53 -> 0
B76: 2. Zaštita (8x) | C76: III-VIII | D76: 4 | E76: 1.17 | F76: =+D76*E76 -> 4.68 | G76: =+F76*$G$53 -> 0 | H76: 600
B77: 3. Transport | C77: VI-IX | F77: =+D77*E77 -> 0 | G77: =+F77*$G$53 -> 0 | H77: TROŠAK PO STRUKU
A78: UKUPNI TROŠKOVI | F78: =SUM(F56:F77) -> 147.29053 | G78: =SUM(G57:G77) -> 0 | H78: =+F78/H76 -> 0.24548421
B80: KRASTAVAC | F80: Broj plastenika | G80: 0
F81: Veličina plastenika (20*5 m2)
A82: R. br. | B82: Tehnološke operacije / korišćeni materijal | C82: Operacija u mesecu | D82: Potrošnja kg ili l /plastenik | E82: Trošak po kg ili l (EUR) | F82: Ukupni troškovi/plastenik | G82: Ukupni troškovi /obradivo zemljište
A83: 1 | B83: Materijal
B84: Seme | C84: II | D84: 260 | E84: 0.099 | F84: =+D84*E84 -> 25.74 | G84: =+F84*$G$80 -> 0
A85: 2 | B85: Đubrivo
B86: N:P:K 15:15:15 | C86: III | D86: 10 | E86: 0.35 | F86: =+D86*E86 -> 3.5 | G86: =+F86*$G$80 -> 0
B87: Kemira 15:30:15 | C87: V | D87: 4 | E87: 2.18 | F87: =+D87*E87 -> 8.72 | G87: =+F87*$G$80 -> 0
B88: Kemira 10:15:26 | C88: V-VIII | D88: 20 | E88: 1.98 | F88: =+D88*E88 -> 39.6 | G88: =+F88*$G$80 -> 0
B89: Vuksal super | C89: V-VIII | D89: 0.1 | E89: 2.83 | F89: =+D89*E89 -> 0.283 | G89: =+F89*$G$80 -> 0
B90: Jara kalcinit | C90: V-VIII | D90: 10 | E90: 0.73 | F90: =+D90*E90 -> 7.3 | G90: =+F90*$G$80 -> 0
A91: 3 | B91: Pesticidi | C91: III-VIII
B92: Previcur energy - 1 put | D92: 0.1 | E92: 75.82 | F92: =+D92*E92 -> 7.582 | G92: =+F92*$G$80 -> 0
B93: Ditan - 1 put | D93: 0.025 | E93: 6.46 | F93: =+D93*E93 -> 0.1615 | G93: =+F93*$G$80 -> 0
B94: Bakarni oksihlorid - 1 put | D94: 0.05 | E94: 10.01 | F94: =+D94*E94 -> 0.5005 | G94: =+F94*$G$80 -> 0
B95: Ridomil - 1 put | D95: 0.03 | E95: 22.64 | F95: =+D95*E95 -> 0.6792 | G95: =+F95*$G$80 -> 0
B96: Quadris - 1 put | D96: 0.0075 | E96: 91.24 | F96: =+D96*E96 -> 0.6843 | G96: =+F96*$G$80 -> 0
B97: Sabithane - 1 put | D97: 0.002 | E97: 50.06 | F97: =+D97*E97 -> 0.10012 | G97: =+F97*$G$80 -> 0
B98: Actelic - 1 put | D98: 0.001 | E98: 44.09 | F98: =+D98*E98 -> 0.04409 | G98: =+F98*$G$80 -> 0
B99: Talstar - 1 put | D99: 0.001 | E99: 52.89 | F99: =+D99*E99 -> 0.05289 | G99: =+F99*$G$80 -> 0
B100: Equation - 1 put | D100: 0.004 | E100: 111.02 | F100: =+D100*E100 -> 0.44408 | G100: =+F100*$G$80 -> 0
B101: Rovocid | D101: 1 | E101: 2.83 | F101: =+D101*E101 -> 2.83 | G101: =+F101*$G$80 -> 0
A102: 4 | B102: Navodnjavanje | C102: III-VIII | D102: 20 | E102: 1.17 | F102: =+D102*E102 -> 23.4 | G102: =+F102*$G$80 -> 0
B103: Usluge | H103: BROJ STRUKA U PLASTENIKU
...

Sheet Ostalo
B1: LIVADE | D1: Obradivo zemljište (ha): | F1: 0
A3: AGROTEHNIKA I TROŠKOVNIK | E3: OPTIMALNO
A4: R. br. | B4: Tehnološke operacije i korišćeni materijal | C4: Operacija u mesecu | D4: Trošak po kg ili litru (EUR) | E4: Optimalna potrošnja kg ili l/ha | F4: Optimalni troškovi tehnoloških operacija/ha (EUR)
A5: 1 | B5: Zaštita bilja - rodencidi | C5: III | E5: 0 | F5: =D5*E5 -> 0
A6: 2 | B6: Košenje - žetva | C6: V,VII,IX | E6: 0 | F6: =D6*E6 -> 0
A7: 3 | B7: Sakupljanje | C7: V,VII,IX | E7: 0 | F7: =D7*E7 -> 0
A8: 4 | B8: Baliranje livadskog sena (bale) | C8: V,VII,IX | E8: 0 | F8: =D8*E8 -> 0
A9: 5 | B9: Transport sena | C9: V,VII,IX | D9: 1.23 | E9: 18 | F9: =D9*E9 -> 22.14
A10: 6 | B10: Utovar stajnjaka (1/4) | C10: X | D10: 1.23 | E10: 1.42 | F10: =D10*E10 -> 1.7466
A11: 7 | B11: Transport i rasturanje stajnjaka | C11: X | D11: 1.23 | E11: 7.5 | F11: =D11*E11 -> 9.225
A12: UKUPNI TROŠKOVI | F12: =SUM(F5:F11) -> 33.1116 | G12: =F1*F12 -> 0
A13: Potrošnja goriva | E13: =E9+E10+E11 -> 26.92 | G13: Ukupno
A15: U praksi preovlađuju prirodne livade. Ukoliko postoje veštačke livade, u tehnološku kartu treba uključiti troškove goriva za osnovnu i dopunsku obradu zemljišta, troškove semena i goriva za setvu. Troškovi košenja, sakupljanja i baliranja livadskog sena nisu uključeni, pošto većina gazdinstava plaća ove usluge. Prosečan prinos se kreće oko 4 t/ha.
B20: ŠAMPINJONI | F20: 0
A22: AGROTEHNIKA I TROŠKOVNIK | E22: OPTIMALNO
A23: R. br. | B23: Tehnološke operacije i korišćeni materijal | C23: Operacija u mesecu | D23: Trošak po kg ili litru (EUR) | E23: Optimalna potrošnja kg ili l/košnice | F23: Optimalni troškovi tehnoloških operacija/košnice (EUR)
A24: 1 | B24: Korišćeni materijali
B25: Kompost sa micelijumom | D25: 0.11 | E25: 18 | F25: =E25*D25 -> 1.98
B26: Treset | D26: 0.08 | E26: 5 | F26: =E26*D26 -> 0.4
A27: 2 | B27: Zaštita šampinjona
B28: Ditan | D28: 6.46 | E28: 0.002 | F28: =E28*D28 -> 0.01292
B29: Miraž | D29: 23.66 | E29: 0.002 | F29: =E29*D29 -> 0.04732
B30: Dimilin | D30: 140.65 | E30: 0.002 | F30: =E30*D30 -> 0.2813
B31: Nuvan | D31: 11.3 | E31: 0.001 | F31: =E31*D31 -> 0.0113
B32: Actelic | D32: 44.09 | E32: 0.001 | F32: =E32*D32 -> 0.04409
A33: 3 | B33: Transport šampinjona | E33: 0 | F33: =E33*D33 -> 0
A34: UKUPNI TROŠKOVI | F34: =SUM(F24:F33) -> 2.77693 | G34: =F20*F34 -> 0
A35: Potrošnja goriva | E35: =E33 -> 0 | G35: Ukupno
A37: Prosečan prinos šampinjona po jednoj vreći kreće se od 3-6 kg. Od momenta stavljana micelijuma u kompost pa do početka branja protekne 30 dana. Šampinjoni se beru narednih 30 dana.

Sheet Zalihe na parceli
A1: Red. broj | B1: Usevi | C1: M e s e c i | AA1: Ukupno
C2: I | E2: II | G2: III | I2: IV | K2: V | M2: VI | O2: VII | Q2: VIII | S2: IX | U2: X | W2: XI | Y2: XII
C3: iznos € | D3: ha/struka | E3: iznos € | F3: ha/struka | G3: iznos € | H3: ha/struka | I3: iznos € | J3: ha/struka | K3: iznos € | L3: ha/struka | M3: iznos € | N3: ha/struka | O3: iznos € | P3: ha/struka | Q3: iznos € | R3: ha/struka | S3: iznos € | T3: ha/struka | U3: iznos € | V3: ha/struka | W3: iznos € | X3: ha/struka | Y3: iznos € | Z3: ha/struka | AA3: iznos € | AB3: ha
A4: 1 | B4: Ječam | C4: =U4 -> 225.6146 | E4: =U4+Usevi!F14+Usevi!F15+Usevi!F16 -> 280.0746 | G4: =E4 -> 280.0746 | I4: =E4 -> 280.0746 | K4: =E4+Usevi!F17+Usevi!F18+Usevi!F19+Usevi!F20+Usevi!F21 -> 298.8414 | M4: =K4 -> 298.8414 | O4: 0 | Q4: 0 | S4: 0 | U4: =Usevi!F5+Usevi!F6+Usevi!F7+Usevi!F8+Usevi!F9+Usevi!F10+Usevi!F11+Usevi!F12+Usevi!F13 -> 225.6146 | W4: =U4 -> 225.6146 | Y4: =U4 -> 225.6146 | AA4: =C4*D4+E4*F4+G4*H4+I4*J4+K4*L4+M4*N4+O4*P4+Q4*R4+S4*T4+U4*V4+W4*X4+Y4*Z4 -> 0 | AB4: =D4+F4+H4+J4+L4+N4+P4+R4+T4+V4+X4+Z4 -> 0
A5: 2 | B5: Pšenica | C5: =U5 -> 269.1098 | E5: =U5+Usevi!F49+Usevi!F50+Usevi!F51 -> 323.5698 | G5: =E5 -> 323.5698 | I5: =E5 -> 323.5698 | K5: =E5+Usevi!F52+Usevi!F53+Usevi!F54+Usevi!F55+Usevi!F56 -> 342.3366 | M5: =K5 -> 342.3366 | O5: 0 | Q5: 0 | S5: 0 | U5: =Usevi!F40+Usevi!F41+Usevi!F42+Usevi!F43+Usevi!F44+Usevi!F45+Usevi!F46+Usevi!F47+Usevi!F48 -> 269.1098 | W5: =U5 -> 269.1098 | Y5: =U5 -> 269.1098 | AA5: =C5*D5+E5*F5+G5*H5+I5*J5+K5*L5+M5*N5+O5*P5+Q5*R5+S5*T5+U5*V5+W5*X5+Y5*Z5 -> 0 | AB5: =D5+F5+H5+J5+L5+N5+P5+R5+T5+V5+X5+Z5 -> 0
A6: 3 | B6: Tritikal | C6: =U6 -> 241.9098 | E6: =U6+Usevi!F82+Usevi!F83+Usevi!F84 -> 296.3698 | G6: =E6 -> 296.3698 | I6: =E6 -> 296.3698 | K6: =E6+Usevi!F85+Usevi!F86+Usevi!F87+Usevi!F88+Usevi!F89 -> 315.1366 | M6: =K6 -> 315.1366 | O6: 0 | Q6: 0 | S6: 0 | U6: =Usevi!F73+Usevi!F74+Usevi!F75+Usevi!F76+Usevi!F77+Usevi!F78+Usevi!F79+Usevi!F80+Usevi!F81 -> 241.9098 | W6: =U6 -> 241.9098 | Y6: =U6 -> 241.9098 | AA6: =C6*D6+E6*F6+G6*H6+I6*J6+K6*L6+M6*N6+O6*P6+Q6*R6+S6*T6+U6*V6+W6*X6+Y6*Z6 -> 0 | AB6: =D6+F6+H6+J6+L6+N6+P6+R6+T6+V6+X6+Z6 -> 0
A7: 4 | B7: Kukuruz | C7: =W7 -> 204.9744 | E7: =W7 -> 204.9744 | G7: =W7 -> 204.9744 | I7: =W7+Usevi!F115+Usevi!F116+Usevi!F117+Usevi!F118+Usevi!F119+Usevi!F120+Usevi!F121+Usevi!F122+Usevi!F123+Usevi!F124 -> 325.4798 | K7: =Usevi!F107+Usevi!F108+Usevi!F109+Usevi!F110+Usevi!F111+Usevi!F112+Usevi!F113+Usevi!F114+Usevi!F115+Usevi!F116+Usevi!F117+Usevi!F118+Usevi!F119+Usevi!F120+Usevi!F121+Usevi!F122+Usevi!F123+Usevi!F124+Usevi!F125+Usevi!F126+Usevi!F127 -> 394.1784 | M7: =K7+Usevi!F128 -> 397.5732 | O7: =M7 -> 397.5732 | Q7: =O7 -> 397.5732 | S7: =Q7 -> 397.5732 | U7: =Usevi!F107+Usevi!F108+Usevi!F109+Usevi!F110 -> 70.2822 | W7: =U7+Usevi!F111+Usevi!F112+Usevi!F113+Usevi!F114 -> 204.9744 | Y7: =W7 -> 204.9744 | AA7: =C7*D7+E7*F7+G7*H7+I7*J7+K7*L7+M7*N7+O7*P7+Q7*R7+S7*T7+U7*V7+W7*X7+Y7*Z7 -> 0 | AB7: =D7+F7+H7+J7+L7+N7+P7+R7+T7+V7+X7+Z7 -> 0
A8: 5 | B8: Silažni kukuruz | C8: =Y8 -> 204.9744 | E8: =C8 -> 204.9744 | G8: =E8 -> 204.9744 | I8: =G8+Usevi!F150+Usevi!F151+Usevi!F152+Usevi!F153+Usevi!F154+Usevi!F155+Usevi!F156+Usevi!F157+Usevi!F158+Usevi!F159 -> 325.4798 | K8: =Usevi!F142+Usevi!F143+Usevi!F144+Usevi!F145+Usevi!F146+Usevi!F147+Usevi!F148+Usevi!F149+Usevi!F150+Usevi!F151+Usevi!F152+Usevi!F153+Usevi!F154+Usevi!F155+Usevi!F156+Usevi!F157+Usevi!F158+Usevi!F159+Usevi!F160+Usevi!F161+Usevi!F162 -> 394.1784 | M8: =K8+Usevi!F163 -> 397.5732 | O8: =M8 -> 397.5732 | Q8: =O8 -> 397.5732 | S8: =Usevi!F142+Usevi!F143+Usevi!F144+Usevi!F145 -> 70.2822 | U8: =S8 -> 70.2822 | W8: =U8+Usevi!F146+Usevi!F147+Usevi!F148+Usevi!F149 -> 204.9744 | Y8: =W8 -> 204.9744 | AA8: =C8*D8+E8*F8+G8*H8+I8*J8+K8*L8+M8*N8+O8*P8+Q8*R8+S8*T8+U8*V8+W8*X8+Y8*Z8 -> 0 | AB8: =D8+F8+H8+J8+L8+N8+P8+R8+T8+V8+X8+Z8 -> 0
A9: 6 | B9: Suncokret | C9: =Y9 -> 99.1756 | E9: =C9 -> 99.1756 | G9: =E9 -> 99.1756 | I9: =G9+Usevi!F183+Usevi!F184+Usevi!F185+Usevi!F186+Usevi!F187/2+Usevi!F188/2 -> 197.941 | K9: =I9+Usevi!F193+Usevi!F194+Usevi!F195 -> 254.492 | M9: =K9+Usevi!F187/2+Usevi!F188/2+Usevi!F196 -> 260.1992 | O9: =M9 -> 260.1992 | Q9: =O9 -> 260.1992 | S9: 0 | U9: 0 | W9: =Usevi!F179+Usevi!F180+Usevi!F181+Usevi!F182 -> 99.1756 | Y9: =W9 -> 99.1756 | AA9: =C9*D9+E9*F9+G9*H9+I9*J9+K9*L9+M9*N9+O9*P9+Q9*R9+S9*T9+U9*V9+W9*X9+Y9*Z9 -> 0 | AB9: =D9+F9+H9+J9+L9+N9+P9+R9+T9+V9+X9+Z9 -> 0
A10: 7 | B10: Šećerna repa | C10: =Y10 -> 271.0076 | E10: =C10 -> 271.0076 | G10: =E10+Usevi!F218+Usevi!F219+Usevi!F220+Usevi!F221+Usevi!F222+Usevi!F223 -> 539.1631 | I10: =G10+Usevi!F224/6+Usevi!F225/6+Usevi!F226/2 -> 589.4755 | K10: =I10+Usevi!F224/6+Usevi!F225/6+Usevi!F226/2+Usevi!F232+Usevi!F233 -> 643.7239 | M10: =K10+Usevi!F224/6*2+Usevi!F225/6*2+Usevi!F228 -> 677.4887 | O10: =M10+Usevi!F224/6+Usevi!F225/6+Usevi!F227 -> 714.2411 | Q10: =O10+Usevi!F224/6+Usevi!F225/6+Usevi!F229 -> 735.1955 | S10: =Q10 -> 735.1955 | U10: =Usevi!F210+Usevi!F211+Usevi!F212+Usevi!F213 -> 70.2822 | W10: ='Zalihe na parceli'!U10+Usevi!F214+Usevi!F215+Usevi!F216+Usevi!F217 -> 271.0076 | Y10: =W10 -> 271.0076 | AA10: =C10*D10+E10*F10+G10*H10+I10*J10+K10*L10+M10*N10+O10*P10+Q10*R10+S10*T10+U10*V10+W10*X10+Y10*Z10 -> 0 | AB10: =D10+F10+H10+J10+L10+N10+P10+R10+T10+V10+X10+Z10 -> 0
A11: 8 | B11: Soja | C11: =Y11 -> 123.596 | E11: =C11 -> 123.596 | G11: =E11 -> 123.596 | I11: =G11+Usevi!F253+Usevi!F254+Usevi!F255+Usevi!F256+Usevi!F257+Usevi!F258+Usevi!F259+Usevi!F260+Usevi!F261+Usevi!F262+Usevi!F263 -> 319.643 | K11: =I11+Usevi!F264 -> 321.611 | M11: =K11+Usevi!F265+Usevi!F266+Usevi!F267+Usevi!F268+Usevi!F269+Usevi!F270+Usevi!F271+Usevi!F272+Usevi!F273 -> 376.5727 | O11: =M11 -> 376.5727 | Q11: =O11 -> 376.5727 | S11: =Q11 -> 376.5727 | U11: =Usevi!F247+Usevi!F248 -> 26.4204 | W11: =U11+Usevi!F249+Usevi!F250+Usevi!F251+Usevi!F252 -> 123.596 | Y11: =W11 -> 123.596 | AA11: =C11*D11+E11*F11+G11*H11+I11*J11+K11*L11+M11*N11+O11*P11+Q11*R11+S11*T11+U11*V11+W11*X11+Y11*Z11 -> 0 | AB11: =D11+F11+H11+J11+L11+N11+P11+R11+T11+V11+X11+Z11 -> 0
A12: 9 | B12: Stočni grašak | C12: =Y12 -> 313.3754 | E12: =C12 -> 313.3754 | G12: =E12 -> 313.3754 | I12: =G12 -> 313.3754 | K12: =I12 -> 313.3754 | M12: =K12 -> 313.3754 | O12: 0 | Q12: 0 | S12: 0 | U12: =Usevi!F287+Usevi!F288+Usevi!F289+Usevi!F290+Usevi!F291+Usevi!F292+Usevi!F293+Usevi!F294+Usevi!F295+Usevi!F296+Usevi!F297+Usevi!F298+Usevi!F299+Usevi!F300+Usevi!F301 -> 313.3754 | W12: =U12 -> 313.3754 | Y12: =W12 -> 313.3754 | AA12: =C12*D12+E12*F12+G12*H12+I12*J12+K12*L12+M12*N12+O12*P12+Q12*R12+S12*T12+U12*V12+W12*X12+Y12*Z12 -> 0 | AB12: =D12+F12+H12+J12+L12+N12+P12+R12+T12+V12+X12+Z12 -> 0
A13: 10 | B13: Lucerka | C13: =Y13 -> 65.4877 | E13: =C13 -> 65.4877 | G13: =E13+Usevi!F325+Usevi!F326+Usevi!F327+Usevi!F328+Usevi!F329+Usevi!F330+Usevi!F331 -> 89.255 | I13: =G13 -> 89.255 | K13: =I13 -> 89.255 | M13: =K13 -> 89.255 | O13: =M13 -> 89.255 | Q13: =O13 -> 89.255 | S13: =Q13 -> 89.255 | U13: =Usevi!F316+Usevi!F317+Usevi!F318+Usevi!F319+Usevi!F320+Usevi!F321+Usevi!F322+Usevi!F323+Usevi!F324 -> 65.4877 | W13: =U13 -> 65.4877 | Y13: =W13 -> 65.4877 | AA13: =C13*D13+E13*F13+G13*H13+I13*J13+K13*L13+M13*N13+O13*P13+Q13*R13+S13*T13+U13*V13+W13*X13+Y13*Z13 -> 0 | AB13: =D13+F13+H13+J13+L13+N13+P13+R13+T13+V13+X13+Z13 -> 0
A14: 11 | B14: Raž | C14: =Y14 -> 213.6146 | E14: =C14+Usevi!F360+Usevi!F361+Usevi!F362 -> 268.0746 | G14: =E14 -> 268.0746 | I14: =G14 -> 268.0746 | K14: ='Zalihe na parceli'!I14+Usevi!F363+Usevi!F364+Usevi!F365+Usevi!F366+Usevi!F367+Usevi!F368 -> 311.5974 | M14: =K14 -> 311.5974 | O14: 0 | Q14: 0 | S14: 0 | U14: =Usevi!F351+Usevi!F352+Usevi!F353+Usevi!F354+Usevi!F355+Usevi!F356+Usevi!F357+Usevi!F358+Usevi!F359 -> 213.6146 | W14: =U14 -> 213.6146 | Y14: =W14 -> 213.6146 | AA14: =C14*D14+E14*F14+G14*H14+I14*J14+K14*L14+M14*N14+O14*P14+Q14*R14+S14*T14+U14*V14+W14*X14+Y14*Z14 -> 0 | AB14: =D14+F14+H14+J14+L14+N14+P14+R14+T14+V14+X14+Z14 -> 0
A15: 12 | B15: Ovas | C15: =Y15 -> 213.6146 | E15: =C15+Usevi!F393+Usevi!F394+Usevi!F395 -> 268.0746 | G15: =E15 -> 268.0746 | I15: =G15 -> 268.0746 | K15: =I15+Usevi!F396+Usevi!F397+Usevi!F398+Usevi!F399+Usevi!F400+Usevi!F401 -> 311.5974 | M15: =K15 -> 311.5974 | O15: 0 | Q15: 0 | S15: 0 | U15: =Usevi!F384+Usevi!F385+Usevi!F386+Usevi!F387+Usevi!F388+Usevi!F389+Usevi!F390+Usevi!F391+Usevi!F392 -> 213.6146 | W15: =U15 -> 213.6146 | Y15: =W15 -> 213.6146 | AA15: =C15*D15+E15*F15+G15*H15+I15*J15+K15*L15+M15*N15+O15*P15+Q15*R15+S15*T15+U15*V15+W15*X15+Y15*Z15 -> 0 | AB15: =D15+F15+H15+J15+L15+N15+P15+R15+T15+V15+X15+Z15 -> 0
A16: 13 | B16: Uljana repica | C16: =Y16 -> 213.6206 | E16: =C16+Usevi!F429+Usevi!F430+Usevi!F431 -> 268.0806 | G16: =E16 -> 268.0806 | I16: =G16 -> 268.0806 | K16: =I16 -> 268.0806 | M16: =K16 -> 268.0806 | O16: =Usevi!F417+Usevi!F418+Usevi!F419+Usevi!F420+Usevi!F425/2+Usevi!F426/2+Usevi!F427 -> 149.1996 | Q16: =O16+Usevi!F421+Usevi!F422+Usevi!F423+Usevi!F424 -> 203.4362 | S16: =Q16 -> 203.4362 | U16: =S16+Usevi!F425/2+Usevi!F426/2+Usevi!F428 -> 213.6206 | W16: =U16 -> 213.6206 | Y16: =W16 -> 213.6206 | AA16: =C16*D16+E16*F16+G16*H16+I16*J16+K16*L16+M16*N16+O16*P16+Q16*R16+S16*T16+U16*V16+W16*X16+Y16*Z16 -> 0 | AB16: =D16+F16+H16+J16+L16+N16+P16+R16+T16+V16+X16+Z16 -> 0
A17: 14 | B17: Duvan | C17: =Y17 -> 214.6788 | E17: =C17 -> 214.6788 | G17: =E17 -> 214.6788 | I17: =G17+Usevi!F454+Usevi!F455+Usevi!F456+Usevi!F457+Usevi!F458+Usevi!F459 -> 317.9914 | K17: =I17+Usevi!F451+Usevi!F452+Usevi!F453+Usevi!F460+Usevi!F461+Usevi!F462+Usevi!F463+Usevi!F464+Usevi!F465+Usevi!F466 -> 421.99494 | M17: =K17+Usevi!F467+Usevi!F468+Usevi!F469/2+Usevi!F470/2+Usevi!F471+Usevi!F474/2 -> 557.93454 | O17: =M17+Usevi!F469/2+Usevi!F470/2+Usevi!F472+Usevi!F473+Usevi!F474/2 -> 635.68694 | Q17: =O17 -> 635.68694 | S17: =Q17 -> 635.68694 | U17: 0 | W17: =Usevi!F445+Usevi!F446+Usevi!F447+Usevi!F448+Usevi!F449+Usevi!F450 -> 214.6788 | Y17: =W17 -> 214.6788 | AA17: =C17*D17+E17*F17+G17*H17+I17*J17+K17*L17+M17*N17+O17*P17+Q17*R17+S17*T17+U17*V17+W17*X17+Y17*Z17 -> 0 | AB17: =D17+F17+H17+J17+L17+N17+P17+R17+T17+V17+X17+Z17 -> 0
A18: 15 | B18: Heljda | C18: =Y18 -> 87.18 | E18: =C18 -> 87.18 | G18: =E18+Usevi!F493+Usevi!F494+Usevi!F495+Usevi!F496 -> 902.1768 | I18: =G18 -> 902.1768 | K18: =I18 -> 902.1768 | M18: =K18 -> 902.1768 | O18: =M18 -> 902.1768 | Q18: 0 | S18: 0 | U18: =Usevi!F490+Usevi!F491 -> 59.02 | W18: =U18+Usevi!F492 -> 87.18 | Y18: =W18 -> 87.18 | AA18: =C18*D18+E18*F18+G18*H18+I18*J18+K18*L18+M18*N18+O18*P18+Q18*R18+S18*T18+U18*V18+W18*X18+Y18*Z18 -> 0 | AB18: =D18+F18+H18+J18+L18+N18+P18+R18+T18+V18+X18+Z18 -> 0
A19: 16 | B19: Krompir | C19: =Y19 -> 314.8694 | E19: =C19 -> 314.8694 | G19: =E19+Povrće!F13+Povrće!F14+Povrće!F15+Povrće!F16+Povrće!F17+Povrće!F18+Povrće!F19+Povrće!F20 -> 1994.8597 | I19: =G19 -> 1994.8597 | K19: =I19+Povrće!F21+Povrće!F22+Povrće!F23+Povrće!F24/4+Povrće!F25/4+Povrće!F26+Povrće!F27 -> 2160.2047 | M19: =K19+Povrće!F24/4+Povrće!F25/4+Povrće!F28+Povrće!F29+Povrće!F33/2+Povrće!F34 -> 2315.9827 | O19: =M19+Povrće!F24/4+Povrće!F25/4+Povrće!F30+Povrće!F31+Povrće!F33/2 -> 2468.1691 | Q19: =O19 -> 2468.1691 | S19: =Povrće!F5+Povrće!F6+Povrće!F7+Povrće!F8 -> 114.144 | U19: =S19 -> 114.144 | W19: =U19+Povrće!F9+Povrće!F10+Povrće!F11+Povrće!F12 -> 314.8694 | Y19: =W19 -> 314.8694 | AA19: =C19*D19+E19*F19+G19*H19+I19*J19+K19*L19+M19*N19+O19*P19+Q19*R19+S19*T19+U19*V19+W19*X19+Y19*Z19 -> 0 | AB19: =D19+F19+H19+J19+L19+N19+P19+R19+T19+V19+X19+Z19 -> 0
A20: 17 | B20: Pasulj | C20: =Y20 -> 123.596 | E20: =C20 -> 123.596 | G20: =E20 -> 123.596 | I20: =G20+Povrće!F54+Povrće!F55+Povrće!F56+Povrće!F57+Povrće!F58+Povrće!F59+Povrće!F60+Povrće!F61+Povrće!F62+Povrće!F63+Povrće!F64 -> 1029.849 | K20: =I20+Povrće!F65+Povrće!F66+Povrće!F67+Povrće!F68 -> 1066.1094 | M20: =K20+Povrće!F69+Povrće!F70+Povrće!F71+Povrće!F72+Povrće!F73+Povrće!F74+Povrće!F75 -> 1120.7462 | O20: 0 | Q20: =Povrće!F48 -> 21.6234 | S20: =Q20+Povrće!F49 -> 26.4204 | U20: =S20 -> 26.4204 | W20: =U20+Povrće!F50+Povrće!F51+Povrće!F52+Povrće!F53 -> 123.596 | Y20: =W20 -> 123.596 | AA20: =C20*D20+E20*F20+G20*H20+I20*J20+K20*L20+M20*N20+O20*P20+Q20*R20+S20*T20+U20*V20+W20*X20+Y20*Z20 -> 0 | AB20: =D20+F20+H20+J20+L20+N20+P20+R20+T20+V20+X20+Z20 -> 0
A21: 18 | B21: Rotkvica | C21: =Y21 -> 287.5634 | E21: =C21 -> 287.5634 | G21: =E21+Povrće!F95+Povrće!F96+Povrće!F97+Povrće!F98 -> 356.8278 | I21: =G21+Povrće!F99+Povrće!F100+Povrće!F106/2 -> 1204.4023 | K21: =I21+Povrće!F101+Povrće!F102+Povrće!F103+Povrće!F104+Povrće!F105+Povrće!F106/2 -> 1290.5371 | M21: 0 | O21: 0 | Q21: 0 | S21: 0 | U21: =Povrće!F89+Povrće!F90+Povrće!F91+Povrće!F92+Povrće!F93+Povrće!F94 -> 287.5634 | W21: =U21 -> 287.5634 | Y21: =W21 -> 287.5634 | AA21: =C21*D21+E21*F21+G21*H21+I21*J21+K21*L21+M21*N21+O21*P21+Q21*R21+S21*T21+U21*V21+W21*X21+Y21*Z21 -> 0 | AB21: =D21+F21+H21+J21+L21+N21+P21+R21+T21+V21+X21+Z21 -> 0
A22: 19 | B22: Grašak | C22: =Y22 -> 199.8398 | E22: =C22 -> 199.8398 | G22: =E22+Povrće!F124+Povrće!F125+Povrće!F126+Povrće!F127+Povrće!F128+Povrće!F129+Povrće!F130+Povrće!F131/3+Povrće!F132/3+Povrće!F133 -> 952.9752 | I22: =G22+Povrće!F131/3*2+Povrće!F132/3*2+Povrće!F134+Povrće!F135+Povrće!F137/2 -> 1046.7135 | K22: =I22+Povrće!F136/2+Povrće!F137/2 -> 1099.3575 | M22: 0 | O22: 0 | Q22: 0 | S22: 0 | U22: =Povrće!F120+Povrće!F121+Povrće!F122+Povrće!F123 -> 199.8398 | W22: =U22 -> 199.8398 | Y22: =W22 -> 199.8398 | AA22: =C22*D22+E22*F22+G22*H22+I22*J22+K22*L22+M22*N22+O22*P22+Q22*R22+S22*T22+U22*V22+W22*X22+Y22*Z22 -> 0 | AB22: =D22+F22+H22+J22+L22+N22+P22+R22+T22+V22+X22+Z22 -> 0
A23: 20 | B23: Boranija | C23: =Y23 -> 123.596 | E23: =C23 -> 123.596 | G23: =E23 -> 123.596 | I23: =G23+Povrće!F157+Povrće!F158+Povrće!F159+Povrće!F160+Povrće!F161+Povrće!F162+Povrće!F163+Povrće!F164+Povrće!F165+Povrće!F166 -> 1371.982 | K23: =I23+Povrće!F167+Povrće!F168+Povrće!F169+Povrće!F170 -> 1456.2616 | M23: =K23+Povrće!F171+Povrće!F172+Povrće!F173+Povrće!F174+Povrće!F175 -> 1516.4948 | O23: =Povrće!F151 -> 21.6234 | Q23: =O23 -> 21.6234 | S23: =Q23+Povrće!F152 -> 26.4204 | U23: =S23 -> 26.4204 | W23: =U23+Povrće!F153+Povrće!F154+Povrće!F155+Povrće!F156 -> 123.596 | Y23: =W23 -> 123.596 | AA23: =C23*D23+E23*F23+G23*H23+I23*J23+K23*L23+M23*N23+O23*P23+Q23*R23+S23*T23+U23*V23+W23*X23+Y23*Z23 -> 0 | AB23: =D23+F23+H23+J23+L23+N23+P23+R23+T23+V23+X23+Z23 -> 0
A24: 21 | B24: Crni luk | C24: =Y24 -> 313.8362 | E24: =C24 -> 313.8362 | G24: =E24+Povrće!F198+Povrće!F199+Povrće!F200+Povrće!F201+Povrće!F202+Povrće!F203 -> 1367.012 | I24: =G24+Povrće!F204/2+Povrće!F205/2+Povrće!F206+Povrće!F207 -> 1494.1092 | K24: =I24+Povrće!F204/2+Povrće!F205/2+Povrće!F208+Povrće!F209+Povrće!F210/2+Povrće!F211 -> 1688.6012 | M24: =K24+Povrće!F210/2 -> 1691.996 | O24: =Povrće!F190+Povrće!F191+Povrće!F192 -> 109.347 | Q24: =O24 -> 109.347 | S24: =Q24+Povrće!F193 -> 114.144 | U24: =S24 -> 114.144 | W24: =U24+Povrće!F194+Povrće!F195+Povrće!F196+Povrće!F197 -> 313.8362 | Y24: =W24 -> 313.8362 | AA24: =C24*D24+E24*F24+G24*H24+I24*J24+K24*L24+M24*N24+O24*P24+Q24*R24+S24*T24+U24*V24+W24*X24+Y24*Z24 -> 0 | AB24: =D24+F24+H24+J24+L24+N24+P24+R24+T24+V24+X24+Z24 -> 0
A25: 22 | B25: Paprika | C25: =Y25 -> 862.8624 | E25: =C25+Povrće!F234+Povrće!F236+Povrće!F237 -> 1094.6308 | G25: =E25 -> 1094.6308 | I25: =G25+Povrće!F238+Povrće!F239+Povrće!F240+Povrće!F241+Povrće!F242+Povrće!F243 -> 1207.8034 | K25: =I25+Povrće!F244+Povrće!F245+Povrće!F246+Povrće!F247+Povrće!F248+Povrće!F249 -> 1320.9826 | M25: =K25+Povrće!F250+Povrće!F251+Povrće!F252+Povrće!F253+Povrće!F254/4 -> 1504.9414 | O25: =Povrće!F226+Povrće!F254/4+Povrće!F255/4+Povrće!F258+Povrće!F259 -> 169.749 | Q25: =O25+Povrće!F227+Povrće!F228+Povrće!F229+Povrće!F254/4+Povrće!F255/4+Povrće!F256+Povrće!F257 -> 473.4548 | S25: =Q25+Povrće!F254/4+Povrće!F255/4+Povrće!F260+Povrće!F261 -> 621.0304 | U25: =S25+Povrće!F255/4+Povrće!F262 -> 662.137 | W25: =U25+Povrće!F230+Povrće!F231+Povrće!F232+Povrće!F233 -> 862.8624 | Y25: =W25 -> 862.8624 | AA25: =C25*D25+E25*F25+G25*H25+I25*J25+K25*L25+M25*N25+O25*P25+Q25*R25+S25*T25+U25*V25+W25*X25+Y25*Z25 -> 0 | AB25: =D25+F25+H25+J25+L25+N25+P25+R25+T25+V25+X25+Z25 -> 0
A26: 23 | B26: Krastavac | C26: =Y26 -> 313.8362 | E26: =C26 -> 313.8362 | G26: =E26 -> 313.8362 | I26: =G26+Povrće!F284+Povrće!F285+Povrće!F286+Povrće!F287+Povrće!F288+Povrće!F289+Povrće!F290/3+Povrće!F291 -> 1011.1788 | K26: =I26+Povrće!F290/3+Povrće!F292+Povrće!F293+Povrće!F294+Povrće!F298/2+Povrće!F299/2 -> 1183.2732 | M26: =K26+Povrće!F290/3+Povrće!F295+Povrće!F296+Povrće!F297+Povrće!F298/2+Povrće!F299/2 -> 1353.5452 | O26: =Povrće!F276+Povrće!F277+Povrće!F278 -> 109.347 | Q26: =O26 -> 109.347 | S26: =Q26+Povrće!F279 -> 114.144 | U26: =S26 -> 114.144 | W26: =U26+Povrće!F280+Povrće!F281+Povrće!F282+Povrće!F283 -> 313.8362 | Y26: =W26 -> 313.8362 | AA26: =C26*D26+E26*F26+G26*H26+I26*J26+K26*L26+M26*N26+O26*P26+Q26*R26+S26*T26+U26*V26+W26*X26+Y26*Z26 -> 0 | AB26: =D26+F26+H26+J26+L26+N26+P26+R26+T26+V26+X26+Z26 -> 0
A27: 24 | B27: Cvekla crvena | C27: =Y27 -> 369.4286 | E27: =C27 -> 369.4286 | G27: =E27 -> 369.4286 | I27: =G27+Povrće!F321+Povrće!F322+Povrće!F323 -> 468.5528 | K27: =I27+Povrće!F324+Povrće!F325+Povrće!F326+Povrće!F327/3+Povrće!F328/3+Povrće!F329+Povrće!F332/2+Povrće!F333/2 -> 884.9713 | M27: =K27+Povrće!F327/3+Povrće!F328/3+Povrće!F330+Povrće!F332/2+Povrće!F333/2 -> 974.0335 | O27: =Povrće!F313+Povrće!F314+Povrće!F315+Povrće!F327/3+Povrće!F328/3+Povrće!F331 -> 164.9394 | Q27: =O27 -> 164.9394 | S27: =Q27+Povrće!F316 -> 169.7364 | U27: =S27 -> 169.7364 | W27: =U27+Povrće!F317+Povrće!F318+Povrće!F319+Povrće!F320 -> 369.4286 | Y27: =W27 -> 369.4286 | AA27: =C27*D27+E27*F27+G27*H27+I27*J27+K27*L27+M27*N27+O27*P27+Q27*R27+S27*T27+U27*V27+W27*X27+Y27*Z27 -> 0 | AB27: =D27+F27+H27+J27+L27+N27+P27+R27+T27+V27+X27+Z27 -> 0
A28: 25 | B28: Paradajz | C28: =Y28 -> 313.8362 | E28: =C28+Povrće!F355+Povrće!F356+Povrće!F357+Povrće!F358 -> 614.00414 | G28: =E28 -> 614.00414 | I28: =G28+Povrće!F359+Povrće!F360+Povrće!F361+Povrće!F362 -> 715.78514 | K28: =I28+Povrće!F363+Povrće!F364+Povrće!F365+Povrće!F366+Povrće!F367+Povrće!F368+Povrće!F369 -> 828.96434 | M28: =K28+Povrće!F370+Povrće!F371/2+Povrće!F372+Povrće!F373+Povrće!F376+Povrće!F377+Povrće!F378/2 -> 1104.0247 | O28: =M28+Povrće!F371/2+Povrće!F374+Povrće!F375+Povrće!F378/2 -> 1323.1679 | Q28: =Povrće!F347+Povrće!F348+Povrće!F349 -> 109.347 | S28: =Q28+Povrće!F350 -> 114.144 | U28: =S28 -> 114.144 | W28: =U28+Povrće!F351+Povrće!F352+Povrće!F353+Povrće!F354 -> 313.8362 | Y28: =W28 -> 313.8362 | AA28: =C28*D28+E28*F28+G28*H28+I28*J28+K28*L28+M28*N28+O28*P28+Q28*R28+S28*T28+U28*V28+W28*X28+Y28*Z28 -> 0 | AB28: =D28+F28+H28+J28+L28+N28+P28+R28+T28+V28+X28+Z28 -> 0
A29: 26 | B29: Spanać | C29: =Y29 -> 137.4966 | E29: =C29 -> 137.4966 | G29: =E29+Povrće!F397+Povrće!F398+Povrće!F399+Povrće!F400+Povrće!F401+Povrće!F402+Povrće!F403+Povrće!F404+Povrće!F405 -> 535.3342 | I29: =G29 -> 535.3342 | K29: 0 | M29: 0 | O29: 0 | Q29: 0 | S29: 0 | U29: =Povrće!F392+Povrće!F393+Povrće!F394+Povrće!F395+Povrće!F396 -> 137.4966 | W29: =U29 -> 137.4966 | Y29: =W29 -> 137.4966 | AA29: =C29*D29+E29*F29+G29*H29+I29*J29+K29*L29+M29*N29+O29*P29+Q29*R29+S29*T29+U29*V29+W29*X29+Y29*Z29 -> 0 | AB29: =D29+F29+H29+J29+L29+N29+P29+R29+T29+V29+X29+Z29 -> 0
A30: 27 | B30: Lubenica | C30: =Y30 -> 378.239 | E30: =C30 -> 378.239 | G30: =E30+Povrće!F427 -> 573.239 | I30: =G30+Povrće!F428+Povrće!F429+Povrće!F430+Povrće!F431+Povrće!F432+Povrće!F433 -> 690.1316 | K30: =I30+Povrće!F434+Povrće!F435+Povrće!F436+Povrće!F437+Povrće!F438+Povrće!F439/4+Povrće!F440 -> 822.9308 | M30: =K30+Povrće!F439/2+Povrće!F441+Povrće!F442+Povrće!F444+Povrće!F445 -> 942.1132 | O30: =M30+Povrće!F439/4+Povrće!F443+Povrće!F446 -> 1024.4248 | Q30: =Povrće!F419+Povrće!F420+Povrće!F421+Povrće!F422 -> 177.5136 | S30: =Q30 -> 177.5136 | U30: =S30 -> 177.5136 | W30: =U30+Povrće!F423+Povrće!F424+Povrće!F425+Povrće!F426 -> 378.239 | Y30: =W30 -> 378.239 | AA30: =C30*D30+E30*F30+G30*H30+I30*J30+K30*L30+M30*N30+O30*P30+Q30*R30+S30*T30+U30*V30+W30*X30+Y30*Z30 -> 0 | AB30: =D30+F30+H30+J30+L30+N30+P30+R30+T30+V30+X30+Z30 -> 0
A31: 28 | B31: Karfiol | C31: =Y31 -> 137.4966 | E31: =C31 -> 137.4966 | G31: =E31+Povrće!F465 -> 587.4966 | I31: =G31+Povrće!F466+Povrće!F467+Povrće!F468 -> 653.9566 | K31: =I31+Povrće!F469+Povrće!F470+Povrće!F471+Povrće!F472+Povrće!F473+Povrće!F474+Povrće!F475+Povrće!F476/5*3+Povrće!F477 -> 813.1279 | M31: =K31+Povrće!F476/5+Povrće!F478+Povrće!F480+Povrće!F481 -> 882.8567 | O31: =M31+Povrće!F476/5+Povrće!F479+Povrće!F482/2 -> 965.1683 | Q31: =O31+Povrće!F482/2 -> 1014.3683 | S31: 0 | U31: =Povrće!F460+Povrće!F461+Povrće!F462+Povrće!F463+Povrće!F464 -> 137.4966 | W31: =U31 -> 137.4966 | Y31: =W31 -> 137.4966 | AA31: =C31*D31+E31*F31+G31*H31+I31*J31+K31*L31+M31*N31+O31*P31+Q31*R31+S31*T31+U31*V31+W31*X31+Y31*Z31 -> 0 | AB31: =D31+F31+H31+J31+L31+N31+P31+R31+T31+V31+X31+Z31 -> 0
A32: 29 | B32: Kupus | C32: =Y32 -> 137.4966 | E32: =C32 -> 137.4966 | G32: =E32+Povrće!F501 -> 787.7216 | I32: =G32+Povrće!F502+Povrće!F503+Povrće!F504 -> 854.1816 | K32: =I32+Povrće!F505+Povrće!F506+Povrće!F507+Povrće!F508+Povrće!F509+Povrće!F510+Povrće!F511+Povrće!F512/5*2+Povrće!F513/3*2 -> 1004.2878 | M32: =K32+Povrće!F512/5+Povrće!F513/3+Povrće!F516+Povrće!F517 -> 1065.8001 | O32: =M32+Povrće!F512/5+Povrće!F514+Povrće!F518/2 -> 1132.2817 | Q32: =O32+Povrće!F512/5+Povrće!F515+Povrće!F518/2 -> 1214.5933 | S32: 0 | U32: =Povrće!F496+Povrće!F497+Povrće!F498+Povrće!F499+Povrće!F500 -> 137.4966 | W32: =U32 -> 137.4966 | Y32: =W32 -> 137.4966 | AA32: =C32*D32+E32*F32+G32*H32+I32*J32+K32*L32+M32*N32+O32*P32+Q32*R32+S32*T32+U32*V32+W32*X32+Y32*Z32 -> 0 | AB32: =D32+F32+H32+J32+L32+N32+P32+R32+T32+V32+X32+Z32 -> 0
A33: 30 | B33: Kupus postrni | C33: 0 | E33: 0 | G33: 0 | I33: 0 | K33: 0 | M33: 0 | O33: =Povrće!F532+Povrće!F533+Povrće!F534+Povrće!F535+Povrće!F536+Povrće!F537+Povrće!F538+Povrće!F539+Povrće!F540+Povrće!F541+Povrće!F542++Povrće!F543+Povrće!F544+Povrće!F545/5*2+Povrće!F546/3*2 -> 945.585 | Q33: =O33+Povrće!F545/5*3+Povrće!F546/3+Povrće!F547+Povrće!F548+Povrće!F549+Povrće!F550/2 -> 1057.4905 | S33: =Q33+Povrće!F550/2 -> 1106.6905 | U33: 0 | W33: 0 | Y33: 0 | AA33: =C33*D33+E33*F33+G33*H33+I33*J33+K33*L33+M33*N33+O33*P33+Q33*R33+S33*T33+U33*V33+W33*X33+Y33*Z33 -> 0 | AB33: =D33+F33+H33+J33+L33+N33+P33+R33+T33+V33+X33+Z33 -> 0
A34: 31 | B34: Salata | C34: =Y34 -> 137.4966 | E34: =C34+Povrće!F569 -> 937.4966 | G34: =E34+Povrće!F570+Povrće!F571+Povrće!F572+Povrće!F573+Povrće!F574+Povrće!F575+Povrće!F576+Povrće!F577/2 -> 1092.7134 | I34: =G34+Povrće!F577/2+Povrće!F578+Povrće!F579/2+Povrće!F580 -> 1162.4422 | K34: =I34+Povrće!F579/2+Povrće!F581 -> 1266.9238 | M34: 0 | O34: 0 | Q34: 0 | S34: 0 | U34: =Povrće!F564+Povrće!F565+Povrće!F566+Povrće!F567+Povrće!F568 -> 137.4966 | W34: =U34 -> 137.4966 | Y34: =W34 -> 137.4966 | AA34: =C34*D34+E34*F34+G34*H34+I34*J34+K34*L34+M34*N34+O34*P34+Q34*R34+S34*T34+U34*V34+W34*X34+Y34*Z34 -> 0 | AB34: =D34+F34+H34+J34+L34+N34+P34+R34+T34+V34+X34+Z34 -> 0
A35: 32 | B35: Šargarepa | C35: =Y35 -> 378.239 | E35: =C35 -> 378.239 | G35: =E35+Povrće!F603+Povrće!F604+Povrće!F605+Povrće!F606+Povrće!F607+Povrće!F608+Povrće!F609+Povrće!F610 -> 792.2561 | I35: =G35 -> 792.2561 | K35: =I35+Povrće!F611+Povrće!F612+Povrće!F613+Povrće!F614+Povrće!F615 -> 905.3915 | M35: =K35+Povrće!F616 -> 908.6387 | O35: =M35 -> 908.6387 | Q35: =O35 -> 908.6387 | S35: =Q35 -> 908.6387 | U35: =Povrće!F595+Povrće!F596+Povrće!F597+Povrće!F598 -> 177.5136 | W35: =U35+Povrće!F599+Povrće!F600+Povrće!F601+Povrće!F602 -> 378.239 | Y35: =W35 -> 378.239 | AA35: =C35*D35+E35*F35+G35*H35+I35*J35+K35*L35+M35*N35+O35*P35+Q35*R35+S35*T35+U35*V35+W35*X35+Y35*Z35 -> 0 | AB35: =D35+F35+H35+J35+L35+N35+P35+R35+T35+V35+X35+Z35 -> 0
A36: 33 | B36: Peršun | C36: =Y36 -> 378.239 | E36: =C36 -> 378.239 | G36: =E36+Povrće!F638+Povrće!F639+Povrće!F640+Povrće!F641+Povrće!F642+Povrće!F643+Povrće!F644+Povrće!F645 -> 628.7261 | I36: =G36 -> 628.7261 | K36: =I36+Povrće!F646+Povrće!F647+Povrće!F648+Povrće!F649+Povrće!F650 -> 741.8615 | M36: =K36+Povrće!F651 -> 745.1087 | O36: =M36 -> 745.1087 | Q36: =O36+Povrće!F631+Povrće!F632+Povrće!F633 -> 900.9989 | S36: =Q36 -> 900.9989 | U36: =Povrće!F630+Povrće!F631+Povrće!F632+Povrće!F633 -> 177.5136 | W36: =U36+Povrće!F634+Povrće!F635+Povrće!F636+Povrće!F637 -> 378.239 | Y36: =W36 -> 378.239 | AA36: =C36*D36+E36*F36+G36*H36+I36*J36+K36*L36+M36*N36+O36*P36+Q36*R36+S36*T36+U36*V36+W36*X36+Y36*Z36 -> 0 | AB36: =D36+F36+H36+J36+L36+N36+P36+R36+T36+V36+X36+Z36 -> 0
A37: 34 | B37: Plavi patlidžan | C37: =Y37 -> 137.4966 | E37: =C37+Povrće!F670 -> 257.4966 | G37: =E37 -> 257.4966 | I37: =G37+Povrće!F671+Povrće!F672+Povrće!F673 -> 323.9566 | K37: =I37+Povrće!F674+Povrće!F675+Povrće!F676+Povrće!F677+Povrće!F678+Povrće!F679+Povrće!F680+Povrće!F681/5+Povrće!F682 -> 489.0442 | M37: =K37+Povrće!F681/5*2+Povrće!F683+Povrće!F686+Povrće!F687 -> 560.7916 | O37: =M37+Povrće!F681/5+Povrće!F684+Povrće!F688/5*2 -> 716.9232 | Q37: =O37+Povrće!F681/5+Povrće!F685+Povrće!F688/5*2 -> 832.6048 | S37: =Q37+Povrće!F688/5 -> 881.8048 | U37: =Povrće!F665+Povrće!F666+Povrće!F667+Povrće!F668+Povrće!F669 -> 137.4966 | W37: =U37 -> 137.4966 | Y37: =W37 -> 137.4966 | AA37: =C37*D37+E37*F37+G37*H37+I37*J37+K37*L37+M37*N37+O37*P37+Q37*R37+S37*T37+U37*V37+W37*X37+Y37*Z37 -> 0 | AB37: =D37+F37+H37+J37+L37+N37+P37+R37+T37+V37+X37+Z37 -> 0
A38: 35 | B38: Šljiva - ekstenzivan zasad | C38: 0 | E38: =Voće!F12/2+Voće!F13/2+Voće!F14+Voće!F15 -> 85.325 | G38: =E38+Voće!F5+Voće!F6+Voće!F7 -> 123.4086 | I38: =G38+Voće!F9+Voće!F10+Voće!F11+Voće!F12/2+Voće!F13/2+Voće!F17+Voće!F16 -> 185.5182 | K38: =I38 -> 185.5182 | M38: =K38+Voće!F8/2 -> 192.0126 | O38: =M38+Voće!F8/2 -> 198.507 | Q38: 0 | S38: 0 | U38: 0 | W38: 0 | Y38: 0 | AA38: =C38*D38+E38*F38+G38*H38+I38*J38+K38*L38+M38*N38+O38*P38+Q38*R38+S38*T38+U38*V38+W38*X38+Y38*Z38 -> 0 | AB38: =D38+F38+H38+J38+L38+N38+P38+R38+T38+V38+X38+Z38 -> 0
A39: 36 | B39: Šljiva - intenzivan zasad | C39: =Y39 -> 80.601 | E39: =C39+Voće!F38/7+Voće!F39/7+Voće!F40 -> 264.492 | G39: =E39+Voće!F31+Voće!F32+Voće!F33+Voće!F34/4+Voće!F38/7+Voće!F39/7+Voće!F41+Voće!F42 -> 482.5878 | I39: =G39+Voće!F34/4+Voće!F35+Voće!F36+Voće!F37+Voće!F38/7+Voće!F39/7+Voće!F43 -> 635.7946 | K39: =I39+Voće!F38/7+Voće!F39/7+Voće!F44+Voće!F45 -> 666.1456 | M39: =K39+Voće!F34/4+Voće!F38/7+Voće!F39/7+Voće!F46+Voće!F47 -> 732.8538 | O39: =M39+Voće!F34/4+Voće!F38/7+Voće!F39/7+Voće!F48+Voće!F49 -> 917.252 | Q39: 0 | S39: 0 | U39: =Voće!F38/7+Voće!F39/7+Voće!F50 -> 62.151 | W39: =U39+Voće!F30 -> 80.601 | Y39: =W39 -> 80.601 | AA39: =C39*D39+E39*F39+G39*H39+I39*J39+K39*L39+M39*N39+O39*P39+Q39*R39+S39*T39+U39*V39+W39*X39+Y39*Z39 -> 0 | AB39: =D39+F39+H39+J39+L39+N39+P39+R39+T39+V39+X39+Z39 -> 0
A40: 37 | B40: Jabuka ekstenzivan zasad | C40: 0 | E40: 0 | G40: =Voće!F63+Voće!F64+Voće!F65+Voće!F66+Voće!F67/4+Voće!F71/4+Voće!F72/4+Voće!F73 -> 188.6034 | I40: =G40+Voće!F67/4+Voće!F68+Voće!F69+Voće!F70 -> 246.6058 | K40: =I40+Voće!F71/4+Voće!F72/4+Voće!F74+Voće!F75 -> 271.2068 | M40: =K40+Voće!F67/4+Voće!F71/2+Voće!F72/2+Voće!F76+Voće!F77+Voće!F78+Voće!F79 -> 390.224 | O40: =M40+Voće!F67/4 -> 393.4712 | Q40: =O40 -> 393.4712 | S40: =Q40 -> 393.4712 | U40: 0 | W40: 0 | Y40: 0 | AA40: =C40*D40+E40*F40+G40*H40+I40*J40+K40*L40+M40*N40+O40*P40+Q40*R40+S40*T40+U40*V40+W40*X40+Y40*Z40 -> 0 | AB40: =D40+F40+H40+J40+L40+N40+P40+R40+T40+V40+X40+Z40 -> 0
A41: 38 | B41: Jabuka - intenzivan zasad | C41: =Y41 -> 18.45 | E41: =C41+Voće!F100/11+Voće!F101/11+Voće!F102 -> 116.241 | G41: =E41+Voće!F93+Voće!F94+Voće!F95+Voće!F96/4+Voće!F100/11+Voće!F101/11+Voće!F103+Voće!F104 -> 541.9164 | I41: =G41+Voće!F96/4+Voće!F97+Voće!F98+Voće!F99+Voće!F100/11+Voće!F101/11+Voće!F105+Voće!F106+Voće!F107 -> 748.3562 | K41: =I41+Voće!F100/11*3+Voće!F101/11*3+Voće!F108+Voće!F109+Voće!F110+Voće!F111+Voće!F112+Voće!F113+Voće!F114+Voće!F115 -> 881.9091 | M41: =K41+Voće!F96/4+Voće!F100/11*2+Voće!F101/11*2+Voće!F116+Voće!F117+Voće!F118+Voće!F119+Voće!F120 -> 989.0633 | O41: =M41+Voće!F96/4+Voće!F100/11*2+Voće!F101/11*2+Voće!F121+Voće!F122+Voće!F123+Voće!F124+Voće!F125+Voće!F126+Voće!F127 -> 1231.2925 | Q41: =O41+Voće!F100/11+Voće!F101/11+Voće!F128+Voće!F129 -> 1292.6435 | S41: =Q41 -> 1292.6435 | U41: 0 | W41: =U41+Voće!F92 -> 18.45 | Y41: =W41 -> 18.45 | AA41: =C41*D41+E41*F41+G41*H41+I41*J41+K41*L41+M41*N41+O41*P41+Q41*R41+S41*T41+U41*V41+W41*X41+Y41*Z41 -> 0 | AB41: =D41+F41+H41+J41+L41+N41+P41+R41+T41+V41+X41+Z41 -> 0
A42: 39 | B42: Kruška | C42: =Y42 -> 18.45 | E42: =C42+Voće!F150/10+Voće!F151/10+Voće!F152 -> 42.894 | G42: =E42+Voće!F143+Voće!F144+Voće!F145+Voće!F146/4+Voće!F150/10+Voće!F151/10+Voće!F153+Voće!F154 -> 468.7224 | I42: =G42+Voće!F147+Voće!F148+Voće!F149+Voće!F150/5+Voće!F151/5+Voće!F155+Voće!F156+Voće!F157+Voće!F158+Voće!F159 -> 690.2038 | K42: =I42+Voće!F146/4+Voće!F150/10+Voće!F151/10+Voće!F160+Voće!F161+Voće!F162 -> 741.78 | M42: =K42+Voće!F146/4+Voće!F150/5+Voće!F151/5+Voće!F163+Voće!F164+Voće!F165+Voće!F166+Voće!F167 -> 866.2027 | O42: =M42+Voće!F146/4+Voće!F150/5+Voće!F151/5+Voće!F168+Voće!F169+Voće!F170+Voće!F171+Voće!F172+Voće!F173+Voće!F174 -> 1041.3229 | Q42: =O42+Voće!F150/10+Voće!F151/10+Voće!F175+Voće!F176 -> 1083.9369 | S42: =Q42 -> 1083.9369 | U42: 0 | W42: =Voće!F142 -> 18.45 | Y42: =W42 -> 18.45 | AA42: =C42*D42+E42*F42+G42*H42+I42*J42+K42*L42+M42*N42+O42*P42+Q42*R42+S42*T42+U42*V42+W42*X42+Y42*Z42 -> 0 | AB42: =D42+F42+H42+J42+L42+N42+P42+R42+T42+V42+X42+Z42 -> 0
A43: 40 | B43: Breskva | C43: =Y43 -> 21.6234 | E43: =C43+Voće!F197/8+Voće!F198/8+Voće!F199 -> 83.7744 | G43: =E43+Voće!F190+Voće!F191+Voće!F192+Voće!F193/4+Voće!F197/8+Voće!F198/8+Voće!F200+Voće!F201 -> 388.2152 | I43: =G43+Voće!F194+Voće!F195+Voće!F196+Voće!F197/8+Voće!F198/8+Voće!F202 -> 499.592 | K43: =I43+Voće!F193/4+Voće!F197/8+Voće!F198/8+Voće!F203+Voće!F204 -> 565.4882 | M43: =K43+Voće!F193/4+Voće!F197/8+Voće!F198/8+Voće!F205+Voće!F206 -> 602.9202 | O43: =M43+Voće!F193/4+Voće!F197/4+Voće!F198/4+Voće!F207+Voće!F208+Voće!F209 -> 665.6224 | Q43: =O43+Voće!F197/8+Voće!F198/8+Voće!F210 -> 820.3134 | S43: 0 | U43: 0 | W43: =Voće!F189 -> 21.6234 | Y43: =W43 -> 21.6234 | AA43: =C43*D43+E43*F43+G43*H43+I43*J43+K43*L43+M43*N43+O43*P43+Q43*R43+S43*T43+U43*V43+W43*X43+Y43*Z43 -> 0 | AB43: =D43+F43+H43+J43+L43+N43+P43+R43+T43+V43+X43+Z43 -> 0
A44: 41 | B44: Kajsija | C44: =Y44 -> 21.6234 | E44: =C44+Voće!F231/2+Voće!F232/2+Voće!F233 -> 144.9144 | G44: =E44+Voće!F224+Voće!F225+Voće!F226+Voće!F227/4 -> 287.7163 | I44: =G44+Voće!F228+Voće!F229+Voće!F230 -> 342.2009 | K44: =I44+Voće!F227/4+Voće!F231/2+Voće!F232/2+Voće!F234+Voće!F235 -> 391.2591 | M44: =K44+Voće!F227/4 -> 394.5063 | O44: =M44+Voće!F227/4 -> 397.7535 | Q44: 0 | S44: 0 | U44: 0 | W44: =Voće!F223 -> 21.6234 | Y44: =W44 -> 21.6234 | AA44: =C44*D44+E44*F44+G44*H44+I44*J44+K44*L44+M44*N44+O44*P44+Q44*R44+S44*T44+U44*V44+W44*X44+Y44*Z44 -> 0 | AB44: =D44+F44+H44+J44+L44+N44+P44+R44+T44+V44+X44+Z44 -> 0
A45: 42 | B45: Vinograd | C45: =Y45 -> 21.6234 | E45: =C45 -> 21.6234 | G45: =E45+Voće!F249+Voće!F250+Voće!F251+Voće!F252/4+Voće!F256/7+Voće!F257/7+Voće!F258 -> 251.0952 | I45: =G45+Voće!F252/4+Voće!F253+Voće!F254+Voće!F255 -> 388.426 | K45: =I45+Voće!F256/7*2+Voće!F257/7*2+Voće!F259+Voće!F260+Voće!F261+Voće!F262+Voće!F263+Voće!F264 -> 665.8145 | M45: =K45+Voće!F252/4+Voće!F256/7*2+Voće!F257/7*2+Voće!F265+Voće!F266+Voće!F267+Voće!F268+Voće!F269+Voće!F270+Voće!F271+Voće!F272 -> 917.3202 | O45: =M45+Voće!F252/4+Voće!F256/7+Voće!F257/7+Voće!F273+Voće!F274+Voće!F275 -> 1083.9484 | Q45: =O45+Voće!F256/7+Voće!F257/7+Voće!F276 -> 1115.7194 | S45: 0 | U45: 0 | W45: =Voće!F248 -> 21.6234 | Y45: =W45 -> 21.6234 | AA45: =C45*D45+E45*F45+G45*H45+I45*J45+K45*L45+M45*N45+O45*P45+Q45*R45+S45*T45+U45*V45+W45*X45+Y45*Z45 -> 0 | AB45: =D45+F45+H45+J45+L45+N45+P45+R45+T45+V45+X45+Z45 -> 0
A46: 43 | B46: Malina i kupina | C46: =Y46 -> 143.8344 | E46: =C46 -> 143.8344 | G46: =E46+Voće!F290+Voće!F291+Voće!F292+Voće!F293/4+Voće!F297/7+Voće!F298/7+Voće!F299 -> 617.4598 | I46: =G46+Voće!F293/4+Voće!F294+Voće!F295+Voće!F296+Voće!F297/7+Voće!F298/7+Voće!F300 -> 827.1416 | K46: =I46+Voće!F297/7+Voće!F298/7+Voće!F301 -> 841.3426 | M46: =K46+Voće!F293/4+Voće!F297/7+Voće!F298/7+Voće!F302+Voće!F303 -> 1015.4308 | O46: =M46+Voće!F293/4+Voće!F297/7+Voće!F298/7+Voće!F304 -> 1050.449 | Q46: =O46+Voće!F297/7+Voće!F298/7+Voće!F305 -> 1082.22 | S46: =Voće!F297/7+Voće!F298/7+Voće!F306 -> 122.211 | U46: =S46 -> 122.211 | W46: =U46+Voće!F289 -> 143.8344 | Y46: =W46 -> 143.8344 | AA46: =C46*D46+E46*F46+G46*H46+I46*J46+K46*L46+M46*N46+O46*P46+Q46*R46+S46*T46+U46*V46+W46*X46+Y46*Z46 -> 0 | AB46: =D46+F46+H46+J46+L46+N46+P46+R46+T46+V46+X46+Z46 -> 0
A47: 44 | B47: Višnja | C47: =Y47 -> 83.7744 | E47: =C47+Voće!F327/6+Voće!F328/6+Voće!F329 -> 145.9254 | G47: =E47+Voće!F320+Voće!F321+Voće!F322+Voće!F323/4 -> 323.2562 | I47: =G47+Voće!F323/4+Voće!F324+Voće!F325+Voće!F326+Voće!F327/6+Voće!F328/6+Voće!F330+Voće!F331+Voće!F332+Voće!F333+Voće!F334+Voće!F335+Voće!F336+Voće!F327/6+Voće!F328/6 -> 568.258 | K47: =I47+Voće!F327/6+Voće!F328/6+Voće!F337+Voće!F338 -> 600.284 | M47: =K47+Voće!F323/4+Voće!F327/6+Voće!F328/6+Voće!F339+Voće!F340 -> 774.3722 | O47: =M47+Voće!F323/4 -> 777.6194 | Q47: 0 | S47: 0 | U47: =Voće!F327/6+Voće!F328/6+Voće!F341 -> 62.151 | W47: =U47+Voće!F319 -> 83.7744 | Y47: =W47 -> 83.7744 | AA47: =C47*D47+E47*F47+G47*H47+I47*J47+K47*L47+M47*N47+O47*P47+Q47*R47+S47*T47+U47*V47+W47*X47+Y47*Z47 -> 0 | AB47: =D47+F47+H47+J47+L47+N47+P47+R47+T47+V47+X47+Z47 -> 0
A48: 45 | B48: Jagoda | C48: 0 | E48: 0 | G48: =Voće!F354+Voće!F355+Voće!F356+Voće!F357/4+Voće!F361/4+Voće!F362/4+Voće!F363 -> 263.6554 | I48: =G48+Voće!F357/4+Voće!F358+Voće!F359+Voće!F360 -> 400.9862 | K48: =I48+Voće!F361/4+Voće!F362/4+Voće!F364 -> 427.6244 | M48: =K48+Voće!F357/4+Voće!F361/2+Voće!F362/2+Voće!F365+Voće!F366+Voće!F367 -> 589.7544 | O48: =M48+Voće!F357/4 -> 593.0016 | Q48: 0 | S48: 0 | U48: 0 | W48: 0 | Y48: 0 | AA48: =C48*D48+E48*F48+G48*H48+I48*J48+K48*L48+M48*N48+O48*P48+Q48*R48+S48*T48+U48*V48+W48*X48+Y48*Z48 -> 0 | AB48: =D48+F48+H48+J48+L48+N48+P48+R48+T48+V48+X48+Z48 -> 0
A49: 46 | B49: Dunja | C49: =Y49 -> 21.6234 | E49: =C49 -> 21.6234 | G49: =E49+Voće!F381+Voće!F382+Voće!F383+Voće!F384/4 -> 95.3552 | I49: ='Zalihe na parceli'!G49+Voće!F384/4+Voće!F385+Voće!F386+Voće!F387+Voće!F388/2+Voće!F389/2+Voće!F390 -> 170.678 | K49: =I49 -> 170.678 | M49: =K49+Voće!F384/4+Voće!F388/2+Voće!F389/2+Voće!F391+Voće!F392 -> 204.2762 | O49: =M49+Voće!F384/4 -> 207.5234 | Q49: =O49 -> 207.5234 | S49: =Q49 -> 207.5234 | U49: 0 | W49: =Voće!F380 -> 21.6234 | Y49: =W49 -> 21.6234 | AA49: =C49*D49+E49*F49+G49*H49+I49*J49+K49*L49+M49*N49+O49*P49+Q49*R49+S49*T49+U49*V49+W49*X49+Y49*Z49 -> 0 | AB49: =D49+F49+H49+J49+L49+N49+P49+R49+T49+V49+X49+Z49 -> 0
A50: 47 | B50: Mušmula | C50: =Y50 -> 21.6234 | E50: =C50 -> 21.6234 | G50: =E50+Voće!F406+Voće!F407+Voće!F408+Voće!F409/4 -> 95.3552 | I50: =G50+Voće!F409/4+Voće!F410+Voće!F411+Voće!F412+Voće!F413/2+Voće!F414/2+Voće!F415 -> 170.678 | K50: =I50 -> 170.678 | M50: =K50+Voće!F409/4+Voće!F413/2+Voće!F414/2+Voće!F416+Voće!F417 -> 204.2762 | O50: =M50+Voće!F409/4 -> 207.5234 | Q50: =O50 -> 207.5234 | S50: =Q50 -> 207.5234 | U50: 0 | W50: =Voće!F405 -> 21.6234 | Y50: =W50 -> 21.6234 | AA50: =C50*D50+E50*F50+G50*H50+I50*J50+K50*L50+M50*N50+O50*P50+Q50*R50+S50*T50+U50*V50+W50*X50+Y50*Z50 -> 0 | AB50: =D50+F50+H50+J50+L50+N50+P50+R50+T50+V50+X50+Z50 -> 0
A51: 48 | B51: Lešnik | C51: =Y51 -> 78.5336 | E51: =C51+0.96*2+1.13*2+Voće!F443+Voće!F444 -> 172.4536 | G51: =E51+Voće!F433+Voće!F434+Voće!F435+Voće!F436+3.25 -> 252.5842 | I51: =G51+3.25+Voće!F438+Voće!F439+Voće!F440+0.96+1.13+Voće!F445 -> 389.4278 | K51: =I51+0.96+1.13+Voće!F446+Voće!F447+Voće!F448 -> 433.9218 | M51: =K51+3.25+0.96+1.13+Voće!F449+Voće!F450 -> 509.9098 | O51: =M51+3.25+0.96+1.13+Voće!F451 -> 527.3598 | Q51: =O51 -> 527.3598 | S51: 0 | U51: 0 | W51: =Voće!F430+Voće!F431+Voće!F432+0.96+1.13+Voće!F452 -> 78.5336 | Y51: =W51 -> 78.5336 | AA51: =C51*D51+E51*F51+G51*H51+I51*J51+K51*L51+M51*N51+O51*P51+Q51*R51+S51*T51+U51*V51+W51*X51+Y51*Z51 -> 0 | AB51: =D51+F51+H51+J51+L51+N51+P51+R51+T51+V51+X51+Z51 -> 0
A52: 49 | AA52: =C52*D52+E52*F52+G52*H52+I52*J52+K52*L52+M52*N52+O52*P52+Q52*R52+S52*T52+U52*V52+W52*X52+Y52*Z52 -> 0 | AB52: =D52+F52+H52+J52+L52+N52+P52+R52+T52+V52+X52+Z52 -> 0
A53: 50 | AA53: =C53*D53+E53*F53+G53*H53+I53*J53+K53*L53+M53*N53+O53*P53+Q53*R53+S53*T53+U53*V53+W53*X53+Y53*Z53 -> 0 | AB53: =D53+F53+H53+J53+L53+N53+P53+R53+T53+V53+X53+Z53 -> 0
A54: 51 | B54: Paradajz - struka plastenik | C54: =0/400 -> 0 | E54: =Plastenici!F5/Plastenici!H22 -> 0.097 | G54: =E54+(Plastenici!F7+Plastenici!F8+Plastenici!F9+Plastenici!F10+Plastenici!F11+Plastenici!F13+Plastenici!F14+Plastenici!F15+Plastenici!F16+Plastenici!F17)/Plastenici!H22 -> 0.2664249 | I54: =G54+(Plastenici!F18+Plastenici!F19+Plastenici!F21+Plastenici!F22)/Plastenici!H22 -> 0.4056499 | K54: =I54 -> 0.4056499 | M54: =K54 -> 0.4056499 | O54: =M54 -> 0.4056499 | Q54: =O54 -> 0.4056499 | S54: =Q54 -> 0.4056499 | U54: 0 | W54: 0 | Y54: 0 | AA54: =C54*D54+E54*F54+G54*H54+I54*J54+K54*L54+M54*N54+O54*P54+Q54*R54+S54*T54+U54*V54+W54*X54+Y54*Z54 -> 0
A55: 52 | B55: Paprika slatka - s. plast. | C55: =0 -> 0 | E55: =Plastenici!F30/Plastenici!H49 -> 0.078 | G55: =E55+(Plastenici!F32+Plastenici!F33+Plastenici!F34+Plastenici!F35+Plastenici!F36+Plastenici!F38+Plastenici!F39+Plastenici!F40+Plastenici!F41+Plastenici!F42+Plastenici!F43+Plastenici!F44)/Plastenici!H49 -> 0.1831141 | I55: =G55+(Plastenici!F45+Plastenici!F46+Plastenici!F48+Plastenici!F49)/Plastenici!H49 -> 0.23506723 | K55: =I55 -> 0.23506723 | M55: =K55 -> 0.23506723 | O55: =M55 -> 0.23506723 | Q55: =O55 -> 0.23506723 | S55: 0 | U55: 0 | W55: 0 | Y55: 0 | AA55: =C55*D55+E55*F55+G55*H55+I55*J55+K55*L55+M55*N55+O55*P55+Q55*R55+S55*T55+U55*V55+W55*X55+Y55*Z55 -> 0
A56: 53 | B56: Paprika ljuta - st. plast. | C56: 0 | E56: =Plastenici!F57/Plastenici!H76 -> 0.078 | G56: =E56+(Plastenici!F59+Plastenici!F60+Plastenici!F61+Plastenici!F62+Plastenici!F63+Plastenici!F65+Plastenici!F66+Plastenici!F67+Plastenici!F68+Plastenici!F69+Plastenici!F70+Plastenici!F71)/Plastenici!H76 -> 0.18811754 | I56: =G56+(Plastenici!F72+Plastenici!F73+Plastenici!F75+Plastenici!F76)/Plastenici!H76 -> 0.24548421 | K56: =I56 -> 0.24548421 | M56: =K56 -> 0.24548421 | O56: =M56 -> 0.24548421 | Q56: =O56 -> 0.24548421 | S56: 0 | U56: 0 | W56: 0 | Y56: 0 | AA56: =C56*D56+E56*F56+G56*H56+I56*J56+K56*L56+M56*N56+O56*P56+Q56*R56+S56*T56+U56*V56+W56*X56+Y56*Z56 -> 0
A57: 54 | B57: Krastavac - st. plastenik | C57: 0 | E57: =Plastenici!F84/Plastenici!H105 -> 0.099 | G57: =E57+(Plastenici!F86+Plastenici!F87+Plastenici!F88+Plastenici!F89+Plastenici!F90+Plastenici!F92+Plastenici!F93+Plastenici!F94+Plastenici!F95+Plastenici!F96+Plastenici!F97+Plastenici!F98+Plastenici!F99+Plastenici!F100)/Plastenici!H105 -> 0.36689108 | I57: =G57+(Plastenici!F101+Plastenici!F102+Plastenici!F104+Plastenici!F105)/Plastenici!H105 -> 0.49927569 | K57: =I57 -> 0.49927569 | M57: =K57 -> 0.49927569 | O57: =M57 -> 0.49927569 | Q57: =O57 -> 0.49927569 | S57: 0 | U57: 0 | W57: 0 | Y57: 0 | AA57: =C57*D57+E57*F57+G57*H57+I57*J57+K57*L57+M57*N57+O57*P57+Q57*R57+S57*T57+U57*V57+W57*X57+Y57*Z57 -> 0
A58: 55 | B58: Krastavac kornišoni - s. pl. | C58: 0 | E58: =Plastenici!F113/Plastenici!H134 -> 0.099 | G58: =E58+(Plastenici!F115+Plastenici!F116+Plastenici!F117+Plastenici!F118+Plastenici!F119+Plastenici!F121+Plastenici!F122+Plastenici!F123+Plastenici!F124+Plastenici!F125+Plastenici!F126+Plastenici!F127+Plastenici!F128+Plastenici!F129)/Plastenici!H134 -> 0.2731292 | I58: =G58+(Plastenici!F130+Plastenici!F131+Plastenici!F133+Plastenici!F134)/Plastenici!H134 -> 0.3591792 | K58: =I58 -> 0.3591792 | M58: =K58 -> 0.3591792 | O58: =M58 -> 0.3591792 | Q58: =O58 -> 0.3591792 | S58: 0 | U58: 0 | W58: 0 | Y58: 0 | AA58: =C58*D58+E58*F58+G58*H58+I58*J58+K58*L58+M58*N58+O58*P58+Q58*R58+S58*T58+U58*V58+W58*X58+Y58*Z58 -> 0
A59: 56 | B59: Salata - struka plastenik | C59: 0 | E59: =Plastenici!F142/Plastenici!H154 -> 0.0404 | G59: =E59+(Plastenici!F144+Plastenici!F145+Plastenici!F147+Plastenici!F148+Plastenici!F149)/Plastenici!H154 -> 0.04419707 | I59: =G59+(Plastenici!F150+Plastenici!F151+Plastenici!F153+Plastenici!F154)/Plastenici!H154 -> 0.05116957 | K59: =I59 -> 0.05116957 | M59: =K59 -> 0.05116957 | O59: 0 | Q59: 0 | S59: 0 | U59: 0 | W59: 0 | Y59: 0 | AA59: =C59*D59+E59*F59+G59*H59+I59*J59+K59*L59+M59*N59+O59*P59+Q59*R59+S59*T59+U59*V59+W59*X59+Y59*Z59 -> 0
A60: 57 | B60: Spanać - kilograma plast. | C60: 0 | E60: =Plastenici!F162/Plastenici!H173 -> 0.0077504 | G60: =E60+(Plastenici!F164+Plastenici!F165+Plastenici!F167+Plastenici!F168)/Plastenici!H173 -> 0.02524544 | I60: =G60+(Plastenici!F169+Plastenici!F170+Plastenici!F172+Plastenici!F173)/Plastenici!H173 -> 0.060872107 | K60: =I60 -> 0.060872107 | M60: =K60 -> 0.060872107 | O60: 0 | Q60: 0 | S60: 0 | U60: 0 | W60: 0 | Y60: 0 | AA60: =C60*D60+E60*F60+G60*H60+I60*J60+K60*L60+M60*N60+O60*P60+Q60*R60+S60*T60+U60*V60+W60*X60+Y60*Z60 -> 0
A61: 58 | B61: Crni luk mladi - st. plast. | C61: 0 | E61: =Plastenici!F181/Plastenici!H192 -> 0.0013416667 | G61: =E61+(Plastenici!F183+Plastenici!F184+Plastenici!F186+Plastenici!F187)/Plastenici!H192 -> 0.002496775 | I61: =G61+(Plastenici!F188+Plastenici!F189+Plastenici!F191+Plastenici!F192)/Plastenici!H192 -> 0.0044335806 | K61: =I61 -> 0.0044335806 | M61: =K61 -> 0.0044335806 | O61: 0 | Q61: 0 | S61: 0 | U61: 0 | W61: 0 | Y61: 0 | AA61: =C61*D61+E61*F61+G61*H61+I61*J61+K61*L61+M61*N61+O61*P61+Q61*R61+S61*T61+U61*V61+W61*X61+Y61*Z61 -> 0
A62: 59 | AA62: =C62*D62+E62*F62+G62*H62+I62*J62+K62*L62+M62*N62+O62*P62+Q62*R62+S62*T62+U62*V62+W62*X62+Y62*Z62 -> 0
A63: 60 | AA63: =C63*D63+E63*F63+G63*H63+I63*J63+K63*L63+M63*N63+O63*P63+Q63*R63+S63*T63+U63*V63+W63*X63+Y63*Z63 -> 0
B64: Ukupne zalihe na parceli | AA64: =SUM(AA4:AA53) -> 0 | AB64: =SUM(AB4:AB53) -> 0

Sheet Aromatično i lekovito bilje
B1: KOMORAČ | D1: Obradivo zemljište (ha): | F1: 0
A3: KLIJENT | E3: OPTIMALNO
A4: R. br. | B4: Tehnološke operacije i korišćeni materijal | C4: Operacija u mesecu | D4: Trošak po kg ili litru (EUR) | E4: Optimalna potrošnja kg ili l/ha | F4: Optimalni troškovi tehnoloških operacija/ha (EUR)
A5: 1 | B5: Zaoravanje strnjike (1/6) | C5: VII | D5: 1.23 | E5: 2.93 | F5: =E5*D5 -> 3.6039
A6: 2 | B6: Tanjiranje (1/6) | C6: IX | D6: 1.23 | E6: 0.65 | F6: =E6*D6 -> 0.7995
A7: 3 | B7: Transport đubriva | C7: XI | D7: 1.23 | E7: 1.32 | F7: =E7*D7 -> 1.6236
B8: NPK đubrivo 15:15:15 | D8: 0.35 | E8: 300 | F8: =E8*D8 -> 105
A9: 4 | B9: Rasipanje min. đ. - 1. god. (1/6) | C9: XI | D9: 1.23 | E9: 0.19 | F9: =E9*D9 -> 0.2337
B10: Međ. kultiv. sa đ. - od 2-6. god. (5/6) | C10: XI | D10: 1.23 | E10: 2.43 | F10: =E10*D10 -> 2.9889
A11: 5 | B11: Oranje (1/6) | C11: XI | D11: 1.23 | E11: 3.61 | F11: =E11*D11 -> 4.4403
A12: 6 | B12: Predsetvena priprema zemljišta (1/6) | C12: III-IV | D12: 1.23 | E12: 0.36 | F12: =E12*D12 -> 0.4428
B13: Seme (1/6) | D13: 0 | E13: 12 | F13: =E13*D13 -> 0
A14: 7 | B14: Setva (1/6) | C14: III-IV | D14: 1.23 | E14: 0.56 | F14: =E14*D14 -> 0.6888
A15: 8 | B15: Transport vode | C15: V | D15: 1.23 | E15: 0.96 | F15: =E15*D15 -> 1.1808
A16: 9 | B16: Zaštita insekticidima | C16: V | D16: 1.23 | E16: 0.92 | F16: =E16*D16 -> 1.1316
B17: Perfection | D17: 9.19 | E17: 1.2 | F17: =E17*D17 -> 11.028
A18: 10 | B18: Transport đubriva | C18: V | D18: 1.23 | E18: 0.9 | F18: =E18*D18 -> 1.107
B19: KAN 27% N | D19: 0.26 | E19: 200 | F19: =E19*D19 -> 52
A20: 11 | B20: I međuredno kultiviranje sa đubrenjem | C20: V | D20: 1.23 | E20: 2.92 | F20: =E20*D20 -> 3.5916
A21: 12 | B21: Žetva kombajnom | C21: IX-X | D21: 1.23 | E21: 8.33 | F21: =E21*D21 -> 10.2459
A22: 13 | B22: Transport komorača | C22: IX-X | D22: 1.23 | E22: 5.64 | F22: =E22*D22 -> 6.9372
A23: 14 | B23: Košenje | C23: X-XI | D23: 1.23 | E23: 2.5 | F23: =E23*D23 -> 3.075
A24: 15 | B24: Transport đubriva | C24: XI | D24: 1.23 | E24: 1.32 | F24: =E24*D24 -> 1.6236
B25: NPK đubrivo 15:15:15 | D25: 0.34 | E25: 300 | F25: =E25*D25 -> 102
A26: 16 | B26: II međuredno kultiviranje sa đubrenjem | C26: XI | D26: 1.23 | E26: 2.92 | F26: =E26*D26 -> 3.5916
A27: UKUPNI TROŠKOVI | F27: =SUM(F5:F26) -> 317.3338 | G27: =F1*F27 -> 0
A28: Potrošnja goriva | E28: =E5+E6+E7+E9+E10+E11+E12+E14+E15+E16+E18+E20+E21+E22+E23+E24+E26 -> 38.46 | G28: Ukupno
A30: Komorač je višegodišnja zeljasta biljka, visine 150-200 cm. Dužina gajenja varira od 5 do 10 godina. Gaji se zbog ploda od koga se proizvodi eterično ulje. Koristi se u kozmetičkoj i prehrambenoj industriji, kao sredstvo za popravljanje mirisa, za izradu čajeva, likera, bombona i sl. Setva se obavlja mašinski rano u proleće, sa 10-12 kg semena po hektaru, međurednim razmakom od 60-70 cm, dok na dužni metar treba da bude raspoređeno oko 50 semenki na dubinu od 2-3 cm i sa 50-70 klijavih zrna na dužni metar. Žetva se obavlja žitnim kombajnom u jednom prohodu. Prinos se kreće od 2,5-2,7 t/ha ili 1-2 t/ha suvog ploda ili 25-30 kg eteričnog ulja. U toku zime nadzemni deo biljke propada i obnavlja se u proleće svake godine. Na kraju vegetacije obavlja se košenje nadzemnog dela i prihranjivanje sa međurednim kultiviranjem.
B39: NANA (MENTA) | D39: Obradivo zemljište (ha): | F39: 0
A41: KLIJENT | E41: OPTIMALNO
A42: R. br. | B42: Tehnološke operacije i korišćeni materijal | C42: Operacija u mesecu | D42: Trošak po kg ili litru (EUR) | E42: Optimalna potrošnja kg ili l/ha | F42: Optimalni troškovi tehnoloških operacija/ha (EUR)
A43: 1 | B43: Utovar stajnjaka (1/2) | C43: VII | D43: 1.23 | E43: 2.83 | F43: =E43*D43 -> 3.4809
A44: 2 | B44: Transport i rasturanje stajnjaka (1/2) | C44: VII | D44: 1.23 | E44: 15 | F44: =E44*D44 -> 18.45
A45: 3 | B45: Zaoravanje strnjike (1/2) | C45: VII | D45: 1.23 | E45: 8.79 | F45: =E45*D45 -> 10.8117
A46: 4 | B46: Tanjiranje (1/2) | C46: IX | D46: 1.23 | E46: 1.95 | F46: =E46*D46 -> 2.3985
A47: 5 | B47: Transport đubriva | C47: X | D47: 1.23 | E47: 1.32 | F47: =E47*D47 -> 1.6236
B48: NPK đubrivo 15:15:15 | D48: 0.35 | E48: 300 | F48: =E48*D48 -> 105
A49: 6 | B49: Rasipanje mineralnih đubriva | C49: X | D49: 1.23 | E49: 0.96 | F49: =E49*D49 -> 1.1808
A50: 7 | B50: Oranje (1/2) | C50: X | D50: 1.23 | E50: 10.83 | F50: =E50*D50 -> 13.3209
A51: 8 | B51: Predsetvena priprema zemljišta (1/2) | C51: IV | D51: 1.23 | E51: 1.08 | F51: =E51*D51 -> 1.3284
A52: 9 | B52: Transport stolona (1/2) | C52: V | D52: 1.23 | E52: 12.74 | F52: =E52*D52 -> 15.6702
B53: Stoloni - izdanci (kg) (1/2) | D53: 0 | E53: 750 | F53: =E53*D53 -> 0
A54: 10 | B54: Sadnja (1/2) | C54: X | D54: 1.23 | E54: 2.16 | F54: =E54*D54 -> 2.6568
A55: 11 | B55: Navodnjavanje (1/2) | C55: V | D55: 1.23 | E55: 20 | F55: =E55*D55 -> 24.6
A56: 12 | B56: Transport đubriva - 3 puta | C56: V, VI, VII | D56: 1.23 | E56: 2.7 | F56: =E56*D56 -> 3.321
B57: Đubrivo urea 46% N | D57: 0.32 | E57: 600 | F57: =E57*D57 -> 192
A58: 13 | B58: Međuredno kultiviranje sa đ. - 3 puta | C58: V, VI, VII | D58: 1.23 | E58: 8.76 | F58: =E58*D58 -> 10.7748
A59: 14 | B59: Transport vode - 2 puta | C59: V,VII | D59: 1.23 | E59: =0.96*2 -> 1.92 | F59: =E59*D59 -> 2.3616
A60: 15 | B60: Zaštita bilja - 2 puta (lisna rđa) | C60: V,VII | D60: 1.23 | E60: =0.92*2 -> 1.84 | F60: =E60*D60 -> 2.2632
B61: Antracol - 2 puta | D61: 11.24 | E61: 5 | F61: =E61*D61 -> 56.2
A62: 16 | B62: Košenje - 2 puta | C62: VI ,VIII | D62: 1.23 | E62: 5 | F62: =E62*D62 -> 6.15
A63: 17 | B63: Sakupljanje lisne mase - 2 puta | C63: VI ,VIII | D63: 1.23 | E63: 5 | F63: =E63*D63 -> 6.15
A64: 18 | B64: Transport lisne mase - 2 puta | C64: VI ,VIII | D64: 1.23 | E64: 30 | F64: =E64*D64 -> 36.9
A65: UKUPNI TROŠKOVI | F65: =SUM(F43:F64) -> 516.6424 | G65: =F39*F65 -> 0
A66: Potrošnja goriva | E66: =E43+E44+E45+E46+E47+E49+E50+E51+E52+E54+E55+E56+E58+E59+E60+E62+E63+E64 -> 132.88 | G66: Ukupno
A68: Nana je višegodišnja zeljasta biljka visine 50-100 cm. Gaji se kao dvogodišnja, a ređe kao trogodišnja biljka. Koristi se u kozmetičkoj, farmaceutskoj i prehrambenoj industriji. Najpoznatija i najviše gajena sorta pitome nane je engleska sorta Mitcham. Razmnožava se pomoću stolona. Sadi se u jesen ili u proleće. Najbolje je sadnju obaviti u oktobru. Sadi se na razmak od 60-70 cm i na dubinu od 10 cm. Staloni se polažu na dno brazde i pokrivaju se zemljom. Potrebno je oko 1.500 kg stalona za sadnju 1 ha. Sa 1 ha se dobija 1.500-2.000 kg suvog lista i 25-40 kg ulja. Za 1 kg suvog lista potrebno je oko 10 kg sirovog lista.
B75: KAMILICA | D75: Obradivo zemljište (ha): | F75: 0
A77: KLIJENT | E77: OPTIMALNO
A78: R. br. | B78: Tehnološke operacije i korišćeni materijal | C78: Operacija u mesecu | D78: Trošak po kg ili litru (EUR) | E78: Optimalna potrošnja kg ili l/ha | F78: Optimalni troškovi tehnoloških operacija/ha (EUR)
A79: 1 | B79: Transport đubriva | C79: VIII | D79: 1.23 | E79: 1.32 | F79: =E79*D79 -> 1.6236
B80: NPK đubrivo 15:15:15 | D80: 0.35 | E80: 200 | F80: =E80*D80 -> 70
A81: 2 | B81: Rasipanje mineralnih đubriva | C81: VIII | D81: 1.23 | E81: 0.96 | F81: =E81*D81 -> 1.1808
A82: 3 | B82: Oranje | C82: VIII | D82: 1.23 | E82: 21.66 | F82: =E82*D82 -> 26.6418
A83: 4 | B83: Predsetvena priprema zemljišta | C83: IX | D83: 1.23 | E83: 2.16 | F83: =E83*D83 -> 2.6568
B84: Seme (kg) | D84: 0 | E84: 12 | F84: =E84*D84 -> 0
A85: 5 | B85: Setva | C85: IX | D85: 1.23 | E85: 2.76 | F85: =E85*D85 -> 3.3948
A86: 6 | B86: Valjanje | C86: IX | D86: 1.23 | E86: 2.16 | F86: =E86*D86 -> 2.6568
A87: 7 | B87: Transport vode | C87: III | D87: 1.23 | E87: 0.96 | F87: =E87*D87 -> 1.1808
A88: 8 | B88: Zaštita bilja (herbicidi protiv korova) | C88: III | D88: 1.23 | E88: 0.92 | F88: =E88*D88 -> 1.1316
B89: Fusilade | D89: 26.65 | E89: 1.2 | F89: =E89*D89 -> 31.98
A90: 9 | B90: Transport đubriva | C90: III-IV | D90: 1.23 | E90: 0.78 | F90: =E90*D90 -> 0.9594
B91: Đubriva KAN 27% N | D91: 0.26 | E91: 120 | F91: =E91*D91 -> 31.2
A92: 10 | B92: Rasipanje mineralnih đubriva | C92: III-IV | D92: 1.23 | E92: 0.96 | F92: =E92*D92 -> 1.1808
A93: 11 | B93: Žetva kamilice | C93: V-VI | D93: 1.23 | E93: 8.33 | F93: =E93*D93 -> 10.2459
A94: 12 | B94: Transport kamilice | C94: V-VI | D94: 1.23 | E94: 20 | F94: =E94*D94 -> 24.6
A95: UKUPNI TROŠKOVI | F95: =SUM(F79:F94) -> 210.6331 | G95: =F75*F95 -> 0
A96: Potrošnja goriva | E96: =E79+E81+E82+E83+E85+E86+E87+E88+E90+E92+E93+E94 -> 62.97 | G96: Ukupno
A98: Kamilica je jednogodišnja zeljasta biljka visine 30-60 cm. Svoju primenu nalazi u kozmetičkoj i farmaceutskoj industriji. Seje se u jesen i u proleće, s tim što je jesenja setva sigurnija i bolja od prolećne. Seje se omaške ili u redove žitnom sejalicom na razmak od 30 cm. Ukoliko je čistoća semena 50%, za setvu je potrebno 10-12 kg semena klijavosti oko 80%. Žetva se obavlja univerzalnim žitnim kombajnima, adaptiranim za žetvu kamilice. Prinos sirovih cvetova kamilice iznosi 5-6,5 t/ha, dnosno 0,7-1,2 t/ha suvog cveta i 2,5-3 kg/ha etarskog ulja.
B105: MATIČNJAK | D105: Obradivo zemljište (ha): | F105: 0
A107: KLIJENT | E107: OPTIMALNO
A108: R. br. | B108: Tehnološke operacije i korišćeni materijal | C108: Operacija u mesecu | D108: Trošak po kg ili litru (EUR) | E108: Optimalna potrošnja kg ili l/ha | F108: Optimalni troškovi tehnoloških operacija/ha (EUR)
A109: 1 | B109: Utovar stajnjaka (1/5) | C109: VII | D109: 1.23 | E109: 1.13 | F109: =E109*D109 -> 1.3899
A110: 2 | B110: Transport i rasturanje stajnjaka (1/5) | C110: VII | D110: 1.23 | E110: 6 | F110: =E110*D110 -> 7.38
A111: 3 | B111: Zaoravanje strnjike (1/5) | C111: VII | D111: 1.23 | E111: 3.52 | F111: =E111*D111 -> 4.3296
A112: 4 | B112: Tanjiranje (1/5) | C112: IX | D112: 1.23 | E112: 0.78 | F112: =E112*D112 -> 0.9594
A113: 5 | B113: Transport đubriva | C113: XI | D113: 1.23 | E113: 1.32 | F113: =E113*D113 -> 1.6236
B114: NPK đubrivo 15:15:15 | D114: 0.35 | E114: 300 | F114: =E114*D114 -> 105
A115: 6 | B115: Rasipanje min. đubriva - 1. god. (1/5) | C115: XI | D115: 1.23 | E115: 0.19 | F115: =E115*D115 -> 0.2337
B116: Međ. kultiv. sa đ. - od 2-5. god. (4/5) | C116: XI | D116: 1.23 | E116: 2.33 | F116: =E116*D116 -> 2.8659
A117: 7 | B117: Oranje (1/5) | C117: XI | D117: 1.23 | E117: 4.33 | F117: =E117*D117 -> 5.3259
B118: Seme (1/5) | D118: 0 | E118: 0.5 | F118: =E118*D118 -> 0
A119: 8 | B119: Zaštita bilja (manuelno) | C119: II-V | E119: 0 | F119: =E119*D119 -> 0
B120: Stomp (herbicid) | D120: 8.88 | E120: 0.0025 | F120: =E120*D120 -> 0.0222
B121: Decis (insekticid) | D121: 26.24 | E121: 0.001 | F121: =E121*D121 -> 0.02624
A122: 9 | B122: Predsetvena priprema zemljišta (1/5) | C122: IV | D122: 1.23 | E122: 0.43 | F122: =E122*D122 -> 0.5289
A123: 10 | B123: Transport sadnica matičnjaka (1/5) | C123: V | D123: 1.23 | E123: 5.1 | F123: =E123*D123 -> 6.273
A124: 11 | B124: Sadnja (1/5) | C124: X | D124: 1.23 | E124: 0.86 | F124: =E124*D124 -> 1.0578
A125: 12 | B125: Navodnjavanje (1/5) | C125: V | D125: 1.23 | E125: 8 | F125: =E125*D125 -> 9.84
A126: 13 | B126: Transport đubriva | C126: V | D126: 1.23 | E126: 0.9 | F126: =E126*D126 -> 1.107
B127: Đubrivo urea 46% N | D127: 0.32 | E127: 200 | F127: =E127*D127 -> 64
...

Sheet Stočarstvo niži nivo intenz.
A2: Krave | B2: 0 | C2: Vet. troškovi | D2: 28.8 | E2: =B2*D2 -> 0 | G2: Junice | H2: 0 | I2: Vet. troškovi | J2: 29.16 | K2: =J2*H2 -> 0
A3: Hraniva | B3: Učešće hraniva u obroku % | C3: Ukupna potrošnja (kg) | G3: Hraniva | H3: Učešće hraniva u obroku % | I3: Ukupna potrošnja (kg)
A4: Kukuruz | B4: 100 | C4: =1825*B4/100*$B$2 -> 0 | G4: Kukuruz | H4: 100 | I4: =1460*H4/100*$H$2 -> 0
A5: Tritikale | B5: 0 | C5: =1825*B5/100*$B$2 -> 0 | G5: Tritikale | H5: 0 | I5: =1460*H5/100*$H$2 -> 0
A6: Pšenica | B6: 0 | C6: =1825*B6/100*$B$2 -> 0 | G6: Pšenica | H6: 0 | I6: =1460*H6/100*$H$2 -> 0
A7: Ovas | B7: 0 | C7: =1825*B7/100*$B$2 -> 0 | G7: Ovas | H7: 0 | I7: =1460*H7/100*$H$2 -> 0
A8: Raž | B8: 0 | C8: =1825*B8/100*$B$2 -> 0 | G8: Raž | H8: 0 | I8: =1460*H8/100*$H$2 -> 0
A9: Ječam | B9: 0 | C9: =1825*B9/100*$B$2 -> 0 | G9: Ječam | H9: 0 | I9: =1460*H9/100*$H$2 -> 0
A10: Suncokret | B10: 0 | C10: =1825*B10/100*$B$2 -> 0 | G10: Suncokret | H10: 0 | I10: =1460*H10/100*$H$2 -> 0
A11: Soja | B11: 0 | C11: =1825*B11/100*$B$2 -> 0 | G11: Soja | H11: 0 | I11: =1460*H11/100*$H$2 -> 0
B12: 0 | C12: =1825*B12/100*$B$2 -> 0 | H12: 0 | I12: =1460*H12/100*$H$2 -> 0
A13: Koncentrat I | B13: 0 | C13: =1825*B13/100*$B$2 -> 0 | G13: Koncentrat I | H13: 0 | I13: =1460*H13/100*$H$2 -> 0 | N13: ProCredit banka
A14: Silažni kukuruz | B14: 0 | C14: =3650*B14/100*$B$2 -> 0 | G14: Silažni kukuruz | H14: 0 | I14: =1460*H14/100*$H$2 -> 0 | N14: Prijepolje i Novi Pazar
A15: Kukuruzovina | B15: 0 | C15: =3650*B15/100*$B$2 -> 0 | G15: Kukuruzovina | H15: 0 | I15: =1460*H15/100*$H$2 -> 0
A16: Lucerka - seno | B16: 100 | C16: =3650*B16/100*$B$2 -> 0 | G16: Lucerka - seno | H16: 100 | I16: =1460*H16/100*$H$2 -> 0
A17: Livade - seno | B17: 0 | C17: =3650*B17/100*$B$2 -> 0 | G17: Livade - seno | H17: 0 | I17: =1460*H17/100*$H$2 -> 0
B18: =SUM(B4:B13) -> 100 | C18: % | H18: =SUM(H4:H13) -> 100 | I18: %
B19: =SUM(B14:B17) -> 100 | C19: % | H19: =SUM(H14:H17) -> 100 | I19: %
A20: Kupovna težina | B20: 150 | C20: Prodajna tež. | D20: 550 | E20: =(D20-B20)*5 -> 2000 | G20: Kupovna težina | H20: 10 | I20: Prodajna tež. | J20: 25 | K20: =(J20-H20)*2.2 -> 33
A21: Tovna junad | B21: 0 | C21: Vet. troškovi | D21: 18.24 | E21: =D21*B21 -> 0 | G21: Prasad | H21: 0 | I21: Vet. troškovi | J21: 4 | K21: =J21*H21 -> 0
A22: Hraniva | B22: Učešće hraniva u obroku % | C22: Ukupna potrošnja (kg) | G22: Hraniva | H22: Učešće hraniva u obroku % | I22: Ukupna potrošnja (kg)
A23: Kukuruz | B23: 100 | C23: =$E$20*B23/100*$B$21 -> 0 | G23: Kukuruz | H23: 100 | I23: =$K$20*H23/100*$H$21 -> 0
A24: Tritikale | B24: 0 | C24: =$E$20*B24/100*$B$21 -> 0 | G24: Tritikale | H24: 0 | I24: =$K$20*H24/100*$H$21 -> 0
A25: Pšenica | B25: 0 | C25: =$E$20*B25/100*$B$21 -> 0 | G25: Pšenica | H25: 0 | I25: =$K$20*H25/100*$H$21 -> 0
A26: Ovas | B26: 0 | C26: =$E$20*B26/100*$B$21 -> 0 | G26: Ovas | H26: 0 | I26: =$K$20*H26/100*$H$21 -> 0
A27: Raž | B27: 0 | C27: =$E$20*B27/100*$B$21 -> 0 | G27: Raž | H27: 0 | I27: =$K$20*H27/100*$H$21 -> 0
A28: Ječam | B28: 0 | C28: =$E$20*B28/100*$B$21 -> 0 | G28: Ječam | H28: 0 | I28: =$K$20*H28/100*$H$21 -> 0
A29: Suncokret | B29: 0 | C29: =$E$20*B29/100*$B$21 -> 0 | G29: Suncokret | H29: 0 | I29: =$K$20*H29/100*$H$21 -> 0
A30: Soja | B30: 0 | C30: =$E$20*B30/100*$B$21 -> 0 | G30: Soja | H30: 0 | I30: =$K$20*H30/100*$H$21 -> 0
A31: Concentrat I | B31: 0 | C31: =$E$20*B31/100*$B$21 -> 0 | H31: 0 | I31: =$K$20*H31/100*$H$21 -> 0
A32: Silažni kukuruz | B32: 0 | C32: =$E$20*B32/100*$B$21*1.8 -> 0 | H32: 0 | I32: =$K$20*H32/100*$H$21 -> 0
A33: Kukuruzovina | B33: 0 | C33: =$E$20*B33/100*$B$21*1.8 -> 0 | H33: 0 | I33: =$K$20*H33/100*$H$21 -> 0
A34: Lucerka - seno | B34: 100 | C34: =$E$20*B34/100*$B$21*1.8 -> 0 | G34: Concentrat II | H34: 0 | I34: =$K$20*H34/100*$H$21 -> 0
A35: Livade - seno | B35: 0 | C35: =$E$20*B35/100*$B$21*1.8 -> 0 | H35: =SUM(H23:H34) -> 100 | I35: %
B36: =SUM(B23:B31) -> 100 | C36: %
B37: =SUM(B32:B35) -> 100 | C37: % | G37: Kupovna težina | H37: 25 | I37: Prodajna tež. | J37: 110 | K37: =(J37-H37)*3.6 -> 306
A38: Krmače | B38: 0 | C38: Vet. troškovi | D38: 39.36 | E38: =D38*B38 -> 0 | G38: Tovne svinje | H38: 0 | I38: Vet. troškovi | J38: 3 | K38: =J38*H38 -> 0
A39: Hraniva | B39: Učešće hraniva u obroku % | C39: Ukupna potrošnja (kg) | G39: Hraniva | H39: Učešće hraniva u obroku % | I39: Ukupna potrošnja (kg)
A40: Kukuruz | B40: 100 | C40: =913*B40/100*$B$38 -> 0 | G40: Kukuruz | H40: 100 | I40: =$K$37*H40/100*$H$38 -> 0
A41: Tritikale | B41: 0 | C41: =913*B41/100*$B$38 -> 0 | G41: Tritikale | H41: 0 | I41: =$K$37*H41/100*$H$38 -> 0
A42: Pšenica | B42: 0 | C42: =913*B42/100*$B$38 -> 0 | G42: Pšenica | H42: 0 | I42: =$K$37*H42/100*$H$38 -> 0
A43: Ovas | B43: 0 | C43: =913*B43/100*$B$38 -> 0 | G43: Ovas | H43: 0 | I43: =$K$37*H43/100*$H$38 -> 0
A44: Raž | B44: 0 | C44: =913*B44/100*$B$38 -> 0 | G44: Raž | H44: 0 | I44: =$K$37*H44/100*$H$38 -> 0
A45: Ječam | B45: 0 | C45: =913*B45/100*$B$38 -> 0 | G45: Ječam | H45: 0 | I45: =$K$37*H45/100*$H$38 -> 0
A46: Suncokret | B46: 0 | C46: =913*B46/100*$B$38 -> 0 | G46: Suncokret | H46: 0 | I46: =$K$37*H46/100*$H$38 -> 0
A47: Soja | B47: 0 | C47: =913*B47/100*$B$38 -> 0 | G47: Soja | H47: 0 | I47: =$K$37*H47/100*$H$38 -> 0
B48: 0 | C48: =913*B48/100*$B$38 -> 0 | H48: 0 | I48: =$K$37*H48/100*$H$38 -> 0
A49: Concentrat II | B49: 0 | C49: =913*B49/100*$B$38 -> 0 | G49: Concentrat II | H49: 0 | I49: =$K$37*H49/100*$H$38 -> 0
B50: =SUM(B40:B49) -> 100 | C50: % | H50: =SUM(H40:H49) -> 100 | I50: %
A52: Ovce | B52: 0 | C52: Vet. troškovi | D52: 9.96 | E52: =D52*B52 -> 0 | G52: Jagnjad | H52: 0 | I52: Vet. troškovi | J52: 3.66 | K52: =J52*H52 -> 0
A53: Hraniva | B53: Učešće hraniva u obroku % | C53: Ukupna potrošnja (kg) | G53: Hraniva | H53: Učešće hraniva u obroku % | I53: Ukupna potrošnja (kg)
A54: Kukuruz | B54: 100 | C54: =110*B54/100*$B$52 -> 0 | G54: Kukuruz | H54: 100 | I54: =30*H54/100*$H$52 -> 0
A55: Tritikale | B55: 0 | C55: =110*B55/100*$B$52 -> 0 | G55: Tritikale | H55: 0 | I55: =30*H55/100*$H$52 -> 0
A56: Pšenica | B56: 0 | C56: =110*B56/100*$B$52 -> 0 | G56: Pšenica | H56: 0 | I56: =30*H56/100*$H$52 -> 0
A57: Ovas | B57: 0 | C57: =110*B57/100*$B$52 -> 0 | G57: Ovas | H57: 0 | I57: =30*H57/100*$H$52 -> 0
A58: Raž | B58: 0 | C58: =110*B58/100*$B$52 -> 0 | G58: Raž | H58: 0 | I58: =30*H58/100*$H$52 -> 0
A59: Ječam | B59: 0 | C59: =110*B59/100*$B$52 -> 0 | G59: Ječam | H59: 0 | I59: =30*H59/100*$H$52 -> 0
A60: Suncokret | B60: 0 | C60: =110*B60/100*$B$52 -> 0 | G60: Suncokret | H60: 0 | I60: =30*H60/100*$H$52 -> 0
A61: Soja | B61: 0 | C61: =110*B61/100*$B$52 -> 0 | G61: Soja | H61: 0 | I61: =30*H61/100*$H$52 -> 0
B62: 0 | C62: =110*B62/100*$B$52 -> 0 | H62: 0 | I62: =30*H62/100*$H$52 -> 0
A63: Concentrat I | B63: 0 | C63: =110*B63/100*$B$52 -> 0 | G63: Concentrat I | H63: 0 | I63: =30*H63/100*$H$52 -> 0
A64: Lucerka - seno | B64: 100 | C64: =110*B64/100*$B$52 -> 0 | G64: Lucerka - seno | H64: 100 | I64: =30*H64/100*$H$52 -> 0
A65: Livade - seno | B65: 0 | C65: =110*B65/100*$B$52 -> 0 | G65: Livade - seno | H65: 0 | I65: =30*H65/100*$H$52 -> 0
B66: =SUM(B54:B63) -> 100 | C66: % | H66: =SUM(H54:H63) -> 100 | I66: %
B67: =SUM(B64:B65) -> 100 | C67: % | H67: =SUM(H64:H65) -> 100 | I67: %
A68: Koze | B68: 0 | C68: Vet. troškovi | D68: 9.96 | E68: =D68*B68 -> 0 | G68: Jarad | H68: 0 | I68: Vet. troškovi | J68: 1.53 | K68: =J68*H68 -> 0
A69: Hraniva | B69: Učešće hraniva u obroku % | C69: Ukupna potrošnja (kg) | G69: Hraniva | H69: Učešće hraniva u obroku % | I69: Ukupna potrošnja (kg)
A70: Kukuruz | B70: 100 | C70: =110*B70/100*$B$68 -> 0 | G70: Kukuruz | H70: 100 | I70: =30*H70/100*$H$68 -> 0
A71: Tritikale | B71: 0 | C71: =110*B71/100*$B$68 -> 0 | G71: Tritikale | H71: 0 | I71: =30*H71/100*$H$68 -> 0
A72: Pšenica | B72: 0 | C72: =110*B72/100*$B$68 -> 0 | G72: Pšenica | H72: 0 | I72: =30*H72/100*$H$68 -> 0
A73: Ovas | B73: 0 | C73: =110*B73/100*$B$68 -> 0 | G73: Ovas | H73: 0 | I73: =30*H73/100*$H$68 -> 0
A74: Raž | B74: 0 | C74: =110*B74/100*$B$68 -> 0 | G74: Raž | H74: 0 | I74: =30*H74/100*$H$68 -> 0
A75: Ječam | B75: 0 | C75: =110*B75/100*$B$68 -> 0 | G75: Ječam | H75: 0 | I75: =30*H75/100*$H$68 -> 0
A76: Suncokret | B76: 0 | C76: =110*B76/100*$B$68 -> 0 | G76: Suncokret | H76: 0 | I76: =30*H76/100*$H$68 -> 0
A77: Soja | B77: 0 | C77: =110*B77/100*$B$68 -> 0 | G77: Soja | H77: 0 | I77: =30*H77/100*$H$68 -> 0
B78: 0 | C78: =110*B78/100*$B$68 -> 0 | H78: 0 | I78: =30*H78/100*$H$68 -> 0
A79: Concentrat I | B79: 0 | C79: =110*B79/100*$B$68 -> 0 | G79: Concentrat I | H79: 0 | I79: =30*H79/100*$H$68 -> 0
A80: Lucerka - seno | B80: 100 | C80: =110*B80/100*$B$68 -> 0 | G80: Lucerka - seno | H80: 100 | I80: =30*H80/100*$H$68 -> 0
A81: Livade - seno | B81: 0 | C81: =110*B81/100*$B$68 -> 0 | G81: Livade - seno | H81: 0 | I81: =30*H81/100*$H$68 -> 0
B82: =SUM(B70:B79) -> 100 | C82: % | H82: =SUM(H70:H79) -> 100 | I82: %
B83: =SUM(B80:B81) -> 100 | C83: % | H83: =SUM(H80:H81) -> 100 | I83: Prodajna tež. | J83: 2.5 | K83: =J83*2.5 -> 6.25
A84: Koke nosilje | B84: 0 | C84: Vet. troškovi | D84: 0.04 | E84: =D84*B84 -> 0 | G84: Tovni pilići | H84: 0 | I84: Vet. troškovi | J84: 0.05 | K84: =J84*H84 -> 0
A85: Hraniva | B85: Učešće hraniva u obroku % | C85: Ukupna potrošnja (kg) | G85: Hraniva | H85: Učešće hraniva u obroku % | I85: Ukupna potrošnja (kg)
A86: Kukuruz | B86: 100 | C86: =46*B86/100*$B$84 -> 0 | G86: Kukuruz | H86: 100 | I86: =$K$83*H86/100*$H$84 -> 0
A87: Tritikale | B87: 0 | C87: =46*B87/100*$B$84 -> 0 | G87: Tritikale | H87: 0 | I87: =$K$83*H87/100*$H$84 -> 0
A88: Pšenica | B88: 0 | C88: =46*B88/100*$B$84 -> 0 | G88: Pšenica | H88: 0 | I88: =$K$83*H88/100*$H$84 -> 0
A89: Ovas | B89: 0 | C89: =46*B89/100*$B$84 -> 0 | G89: Ovas | H89: 0 | I89: =$K$83*H89/100*$H$84 -> 0
A90: Raž | B90: 0 | C90: =46*B90/100*$B$84 -> 0 | G90: Raž | H90: 0 | I90: =$K$83*H90/100*$H$84 -> 0
A91: Ječam | B91: 0 | C91: =46*B91/100*$B$84 -> 0 | G91: Ječam | H91: 0 | I91: =$K$83*H91/100*$H$84 -> 0
A92: Concentrat III | B92: 0 | C92: =46*B92/100*$B$84 -> 0 | G92: Concentrat III | H92: 0 | I92: =$K$83*H92/100*$H$84 -> 0
B93: =SUM(B86:B92) -> 100 | C93: % | H93: =SUM(H86:H92) -> 100 | I93: %
A95: Usevi | C95: Površina (ha) | D95: Prinos (kg/ha) | E95: Ukupno (kg) | F95: Potrošnja u stočarstvu (kg) | G95: Deficit - suficit (kg) | H95: Kupovna cena (€/kg) | I95: Ukupno (€) | J95: Paritet (kg) | K95: Deficit- suficit (ha)
A96: Kukuruz | C96: ='[1]Fin. rezime i novčani tokovi'!B8 -> 0 | D96: ='[1]Fin. rezime i novčani tokovi'!E8 -> 0 | E96: =C96*D96 -> 0 | F96: =C4+I4+I23+C23+C40+I40+C54+I54+C70+I70+C86+I86 -> 0 | G96: =E96-J96-F96 -> 0 | H96: 0 | I96: =IF(G96>0,0,ABS(G96)*H96) -> 0 | J96: 0 | K96: =G96/D96 -> #DIV/0!
A97: Tritikale | C97: ='[1]Fin. rezime i novčani tokovi'!B7 -> 0 | D97: ='[1]Fin. rezime i novčani tokovi'!E7 -> 0 | E97: =C97*D97 -> 0 | F97: =C5+I5+I24+C24+C41+I41+C55+I55+C71+I71+C87+I87 -> 0 | G97: =E97-J97-F97 -> 0 | H97: 0 | I97: =IF(G97>0,0,ABS(G97)*H97) -> 0 | J97: 0 | K97: =G97/D97 -> #DIV/0!
A98: Pšenica | C98: ='[1]Fin. rezime i novčani tokovi'!B6 -> 0 | D98: ='[1]Fin. rezime i novčani tokovi'!E6 -> 0 | E98: =C98*D98 -> 0 | F98: =C6+I6+I25+C25+C42+I42+C56+I56+C72+I72+C88+I88 -> 0 | G98: =E98-J98-F98 -> 0 | H98: 0 | I98: =IF(G98>0,0,ABS(G98)*H98) -> 0 | J98: 0 | K98: =G98/D98 -> #DIV/0!
A99: Ovas | C99: ='[1]Fin. rezime i novčani tokovi'!B16 -> 0 | D99: ='[1]Fin. rezime i novčani tokovi'!E16 -> 0 | E99: =C99*D99 -> 0 | F99: =C7+I7+I26+C26+C43+I43+C57+I57+C73+I73+C89+I89 -> 0 | G99: =E99-J99-F99 -> 0 | H99: 0 | I99: =IF(G99>0,0,ABS(G99)*H99) -> 0 | J99: 0 | K99: =G99/D99 -> #DIV/0!
A100: Raž | C100: ='[1]Fin. rezime i novčani tokovi'!B15 -> 0 | D100: ='[1]Fin. rezime i novčani tokovi'!E15 -> 0 | E100: =C100*D100 -> 0 | F100: =C8+I8+I27+C27+C44+I44+C58+I58+C74+I74+C90+I90 -> 0 | G100: =E100-J100-F100 -> 0 | H100: 0 | I100: =IF(G100>0,0,ABS(G100)*H100) -> 0 | J100: 0 | K100: =G100/D100 -> #DIV/0!
A101: Ječam | C101: ='[1]Fin. rezime i novčani tokovi'!B5 -> 0 | D101: ='[1]Fin. rezime i novčani tokovi'!E5 -> 0 | E101: =+C101*D101 -> 0 | F101: =C9+I9+I28+C28+C45+I45+C59+I59+C75+I75+C91+I91 -> 0 | G101: =E101-J101-F101 -> 0 | H101: 0 | I101: =IF(G101>0,0,ABS(G101)*H101) -> 0 | J101: 0 | K101: =G101/D101 -> #DIV/0!
A102: Suncokret | C102: ='[1]Fin. rezime i novčani tokovi'!B10 -> 0 | D102: ='[1]Fin. rezime i novčani tokovi'!E10 -> 0 | E102: =+C102*D102 -> 0 | F102: =C10+I10+C29+I29+C46+I46+C60+I60+C76+I76 -> 0 | G102: =E102-J102-F102 -> 0 | H102: 0 | I102: =IF(G102>0,0,ABS(G102)*H102) -> 0 | J102: 0 | K102: =G102/D102 -> #DIV/0!
A103: Soja | C103: ='[1]Fin. rezime i novčani tokovi'!B12 -> 0 | D103: ='[1]Fin. rezime i novčani tokovi'!E12 -> 0 | E103: =+C103*D103 -> 0 | F103: =C11+I11+C30+I30+C47+I47+C61+I61+C77+I77 -> 0 | G103: =E103-J103-F103 -> 0 | H103: 0 | I103: =IF(G103>0,0,ABS(G103)*H103) -> 0 | J103: 0 | K103: =G103/D103 -> #DIV/0!
...

Sheet Stočarstvo viši nivo intenz.
A2: Krave | B2: 0 | C2: Vet. troškovi | D2: 28.8 | E2: =B2*D2 -> 0 | G2: Junice | H2: 0 | I2: Vet. troškovi | J2: 29.16 | K2: =J2*H2 -> 0
A3: Hraniva | B3: Učešće hraniva u obroku % | C3: Ukupna potrošnja (kg) | G3: Hraniva | H3: Učešće hraniva u obroku % | I3: Ukupna potrošnja (kg)
A4: Kukuruz | B4: 100 | C4: =1825*B4/100*$B$2 -> 0 | G4: Kukuruz | H4: 100 | I4: =1460*H4/100*$H$2 -> 0
A5: Tritikale | B5: 0 | C5: =1825*B5/100*$B$2 -> 0 | G5: Tritikale | H5: 0 | I5: =1460*H5/100*$H$2 -> 0
A6: Pšenica | B6: 0 | C6: =1825*B6/100*$B$2 -> 0 | G6: Pšenica | H6: 0 | I6: =1460*H6/100*$H$2 -> 0
A7: Ovas | B7: 0 | C7: =1825*B7/100*$B$2 -> 0 | G7: Ovas | H7: 0 | I7: =1460*H7/100*$H$2 -> 0
A8: Raž | B8: 0 | C8: =1825*B8/100*$B$2 -> 0 | G8: Raž | H8: 0 | I8: =1460*H8/100*$H$2 -> 0
A9: Ječam | B9: 0 | C9: =1825*B9/100*$B$2 -> 0 | G9: Ječam | H9: 0 | I9: =1460*H9/100*$H$2 -> 0
A10: Suncokret | B10: 0 | C10: =1825*B10/100*$B$2 -> 0 | G10: Suncokret | H10: 0 | I10: =1460*H10/100*$H$2 -> 0
A11: Soja | B11: 0 | C11: =1825*B11/100*$B$2 -> 0 | G11: Soja | H11: 0 | I11: =1460*H11/100*$H$2 -> 0
B12: 0 | C12: =1825*B12/100*$B$2 -> 0 | H12: 0 | I12: =1460*H12/100*$H$2 -> 0
A13: Koncentrat I | B13: 0 | C13: =1825*B13/100*$B$2 -> 0 | G13: Koncentrat I | H13: 0 | I13: =1460*H13/100*$H$2 -> 0 | N13: ProCredit banka
A14: Silažni kukuruz | B14: 0 | C14: =5475*B14/100*$B$2 -> 0 | G14: Silažni kukuruz | H14: 0 | I14: =1460*H14/100*$H$2 -> 0 | N14: Prijepolje i Novi Pazar
A15: Kukuruzovina | B15: 0 | C15: =5475*B15/100*$B$2 -> 0 | G15: Kukuruzovina | H15: 0 | I15: =1460*H15/100*$H$2 -> 0
A16: Lucerka - seno | B16: 100 | C16: =5475*B16/100*$B$2 -> 0 | G16: Lucerka - seno | H16: 100 | I16: =1460*H16/100*$H$2 -> 0
A17: Livade - seno | B17: 0 | C17: =5475*B17/100*$B$2 -> 0 | G17: Livade - seno | H17: 0 | I17: =1460*H17/100*$H$2 -> 0
B18: =SUM(B4:B13) -> 100 | C18: % | H18: =SUM(H4:H13) -> 100 | I18: %
B19: =SUM(B14:B17) -> 100 | C19: % | H19: =SUM(H14:H17) -> 100 | I19: %
A20: Kupovna težina | B20: 150 | C20: Prodajna tež. | D20: 550 | E20: =(D20-B20)*3.6 -> 1440 | G20: Kupovna težina | H20: 10 | I20: Prodajna tež. | J20: 25 | K20: =(J20-H20)*2.1 -> 31.5
A21: Tovna junad | B21: 0 | C21: Vet. troškovi | D21: 18.24 | E21: =D21*B21 -> 0 | G21: Prasad | H21: 0 | I21: Vet. troškovi | J21: 4 | K21: =J21*H21 -> 0
A22: Hraniva | B22: Učešće hraniva u obroku % | C22: Ukupna potrošnja (kg) | G22: Hraniva | H22: Učešće hraniva u obroku % | I22: Ukupna potrošnja (kg)
A23: Kukuruz | B23: 100 | C23: =$E$20*B23/100*$B$21 -> 0 | G23: Kukuruz | H23: 100 | I23: =$K$20*H23/100*$H$21 -> 0
A24: Tritikale | B24: 0 | C24: =$E$20*B24/100*$B$21 -> 0 | G24: Tritikale | H24: 0 | I24: =$K$20*H24/100*$H$21 -> 0
A25: Pšenica | B25: 0 | C25: =$E$20*B25/100*$B$21 -> 0 | G25: Pšenica | H25: 0 | I25: =$K$20*H25/100*$H$21 -> 0
A26: Ovas | B26: 0 | C26: =$E$20*B26/100*$B$21 -> 0 | G26: Ovas | H26: 0 | I26: =$K$20*H26/100*$H$21 -> 0
A27: Raž | B27: 0 | C27: =$E$20*B27/100*$B$21 -> 0 | G27: Raž | H27: 0 | I27: =$K$20*H27/100*$H$21 -> 0
A28: Ječam | B28: 0 | C28: =$E$20*B28/100*$B$21 -> 0 | G28: Ječam | H28: 0 | I28: =$K$20*H28/100*$H$21 -> 0
A29: Suncokret | B29: 0 | C29: =$E$20*B29/100*$B$21 -> 0 | G29: Suncokret | H29: 0 | I29: =$K$20*H29/100*$H$21 -> 0
A30: Soja | B30: 0 | C30: =$E$20*B30/100*$B$21 -> 0 | G30: Soja | H30: 0 | I30: =$K$20*H30/100*$H$21 -> 0
A31: Concentrat I | B31: 0 | C31: =$E$20*B31/100*$B$21 -> 0 | H31: 0 | I31: =$K$20*H31/100*$H$21 -> 0
A32: Silažni kukuruz | B32: 0 | C32: =$E$20*B32/100*$B$21*2.7 -> 0 | H32: 0 | I32: =$K$20*H32/100*$H$21 -> 0
A33: Kukuruzovina | B33: 0 | C33: =$E$20*B33/100*$B$21*2.7 -> 0 | H33: 0 | I33: =$K$20*H33/100*$H$21 -> 0
A34: Lucerka - seno | B34: 100 | C34: =$E$20*B34/100*$B$21*2.7 -> 0 | G34: Concentrat II | H34: 0 | I34: =$K$20*H34/100*$H$21 -> 0
A35: Livade - seno | B35: 0 | C35: =$E$20*B35/100*$B$21*2.7 -> 0 | H35: =SUM(H23:H34) -> 100 | I35: %
B36: =SUM(B23:B31) -> 100 | C36: %
B37: =SUM(B32:B35) -> 100 | C37: % | G37: Kupovna težina | H37: 25 | I37: Prodajna tež. | J37: 110 | K37: =(J37-H37)*3.5 -> 297.5
A38: Krmače | B38: 0 | C38: Vet. troškovi | D38: 39.36 | E38: =D38*B38 -> 0 | G38: Tovne svinje | H38: 0 | I38: Vet. troškovi | J38: 3 | K38: =J38*H38 -> 0
A39: Hraniva | B39: Učešće hraniva u obroku % | C39: Ukupna potrošnja (kg) | G39: Hraniva | H39: Učešće hraniva u obroku % | I39: Ukupna potrošnja (kg)
A40: Kukuruz | B40: 100 | C40: =1095*B40/100*$B$38 -> 0 | G40: Kukuruz | H40: 100 | I40: =$K$37*H40/100*$H$38 -> 0
A41: Tritikale | B41: 0 | C41: =1095*B41/100*$B$38 -> 0 | G41: Tritikale | H41: 0 | I41: =$K$37*H41/100*$H$38 -> 0
A42: Pšenica | B42: 0 | C42: =1095*B42/100*$B$38 -> 0 | G42: Pšenica | H42: 0 | I42: =$K$37*H42/100*$H$38 -> 0
A43: Ovas | B43: 0 | C43: =1095*B43/100*$B$38 -> 0 | G43: Ovas | H43: 0 | I43: =$K$37*H43/100*$H$38 -> 0
A44: Raž | B44: 0 | C44: =1095*B44/100*$B$38 -> 0 | G44: Raž | H44: 0 | I44: =$K$37*H44/100*$H$38 -> 0
A45: Ječam | B45: 0 | C45: =1095*B45/100*$B$38 -> 0 | G45: Ječam | H45: 0 | I45: =$K$37*H45/100*$H$38 -> 0
A46: Suncokret | B46: 0 | C46: =1095*B46/100*$B$38 -> 0 | G46: Suncokret | H46: 0 | I46: =$K$37*H46/100*$H$38 -> 0
A47: Soja | B47: 0 | C47: =1095*B47/100*$B$38 -> 0 | G47: Soja | H47: 0 | I47: =$K$37*H47/100*$H$38 -> 0
B48: 0 | C48: =1095*B48/100*$B$38 -> 0 | H48: 0 | I48: =$K$37*H48/100*$H$38 -> 0
A49: Concentrat II | B49: 0 | C49: =1095*B49/100*$B$38 -> 0 | G49: Concentrat II | H49: 0 | I49: =$K$37*H49/100*$H$38 -> 0
B50: =SUM(B40:B49) -> 100 | C50: % | H50: =SUM(H40:H49) -> 100 | I50: %
A52: Ovce | B52: 0 | C52: Vet. troškovi | D52: 9.96 | E52: =D52*B52 -> 0 | G52: Jagnjad | H52: 0 | I52: Vet. troškovi | J52: 3.66 | K52: =J52*H52 -> 0
A53: Hraniva | B53: Učešće hraniva u obroku % | C53: Ukupna potrošnja (kg) | G53: Hraniva | H53: Učešće hraniva u obroku % | I53: Ukupna potrošnja (kg)
A54: Kukuruz | B54: 100 | C54: =110*B54/100*$B$52 -> 0 | G54: Kukuruz | H54: 100 | I54: =30*H54/100*$H$52 -> 0
A55: Tritikale | B55: 0 | C55: =110*B55/100*$B$52 -> 0 | G55: Tritikale | H55: 0 | I55: =30*H55/100*$H$52 -> 0
A56: Pšenica | B56: 0 | C56: =110*B56/100*$B$52 -> 0 | G56: Pšenica | H56: 0 | I56: =30*H56/100*$H$52 -> 0
A57: Ovas | B57: 0 | C57: =110*B57/100*$B$52 -> 0 | G57: Ovas | H57: 0 | I57: =30*H57/100*$H$52 -> 0
A58: Raž | B58: 0 | C58: =110*B58/100*$B$52 -> 0 | G58: Raž | H58: 0 | I58: =30*H58/100*$H$52 -> 0
A59: Ječam | B59: 0 | C59: =110*B59/100*$B$52 -> 0 | G59: Ječam | H59: 0 | I59: =30*H59/100*$H$52 -> 0
A60: Suncokret | B60: 0 | C60: =110*B60/100*$B$52 -> 0 | G60: Suncokret | H60: 0 | I60: =30*H60/100*$H$52 -> 0
A61: Soja | B61: 0 | C61: =110*B61/100*$B$52 -> 0 | G61: Soja | H61: 0 | I61: =30*H61/100*$H$52 -> 0
B62: 0 | C62: =110*B62/100*$B$52 -> 0 | H62: 0 | I62: =30*H62/100*$H$52 -> 0
A63: Concentrat I | B63: 0 | C63: =110*B63/100*$B$52 -> 0 | G63: Concentrat I | H63: 0 | I63: =30*H63/100*$H$52 -> 0
A64: Lucerka - seno | B64: 100 | C64: =110*B64/100*$B$52 -> 0 | G64: Lucerka - seno | H64: 100 | I64: =30*H64/100*$H$52 -> 0
A65: Livade - seno | B65: 0 | C65: =110*B65/100*$B$52 -> 0 | G65: Livade - seno | H65: 0 | I65: =30*H65/100*$H$52 -> 0
B66: =SUM(B54:B63) -> 100 | C66: % | H66: =SUM(H54:H63) -> 100 | I66: %
B67: =SUM(B64:B65) -> 100 | C67: % | H67: =SUM(H64:H65) -> 100 | I67: %
A68: Koze | B68: 0 | C68: Vet. troškovi | D68: 9.96 | E68: =D68*B68 -> 0 | G68: Jarad | H68: 0 | I68: Vet. troškovi | J68: 1.53 | K68: =J68*H68 -> 0
A69: Hraniva | B69: Učešće hraniva u obroku % | C69: Ukupna potrošnja (kg) | G69: Hraniva | H69: Učešće hraniva u obroku % | I69: Ukupna potrošnja (kg)
A70: Kukuruz | B70: 100 | C70: =110*B70/100*$B$68 -> 0 | G70: Kukuruz | H70: 100 | I70: =30*H70/100*$H$68 -> 0
A71: Tritikale | B71: 0 | C71: =110*B71/100*$B$68 -> 0 | G71: Tritikale | H71: 0 | I71: =30*H71/100*$H$68 -> 0
A72: Pšenica | B72: 0 | C72: =110*B72/100*$B$68 -> 0 | G72: Pšenica | H72: 0 | I72: =30*H72/100*$H$68 -> 0
A73: Ovas | B73: 0 | C73: =110*B73/100*$B$68 -> 0 | G73: Ovas | H73: 0 | I73: =30*H73/100*$H$68 -> 0
A74: Raž | B74: 0 | C74: =110*B74/100*$B$68 -> 0 | G74: Raž | H74: 0 | I74: =30*H74/100*$H$68 -> 0
A75: Ječam | B75: 0 | C75: =110*B75/100*$B$68 -> 0 | G75: Ječam | H75: 0 | I75: =30*H75/100*$H$68 -> 0
A76: Suncokret | B76: 0 | C76: =110*B76/100*$B$68 -> 0 | G76: Suncokret | H76: 0 | I76: =30*H76/100*$H$68 -> 0
A77: Soja | B77: 0 | C77: =110*B77/100*$B$68 -> 0 | G77: Soja | H77: 0 | I77: =30*H77/100*$H$68 -> 0
B78: 0 | C78: =110*B78/100*$B$68 -> 0 | H78: 0 | I78: =30*H78/100*$H$68 -> 0
A79: Concentrat I | B79: 0 | C79: =110*B79/100*$B$68 -> 0 | G79: Concentrat I | H79: 0 | I79: =30*H79/100*$H$68 -> 0
A80: Lucerka - seno | B80: 100 | C80: =110*B80/100*$B$68 -> 0 | G80: Lucerka - seno | H80: 100 | I80: =30*H80/100*$H$68 -> 0
A81: Livade - seno | B81: 0 | C81: =110*B81/100*$B$68 -> 0 | G81: Livade - seno | H81: 0 | I81: =30*H81/100*$H$68 -> 0
B82: =SUM(B70:B79) -> 100 | C82: % | H82: =SUM(H70:H79) -> 100 | I82: %
B83: =SUM(B80:B81) -> 100 | C83: % | H83: =SUM(H80:H81) -> 100 | I83: Prodajna tež. | J83: 2.5 | K83: =J83*2.2 -> 5.5
A84: Koke nosilje | B84: 0 | C84: Vet. troškovi | D84: 0.04 | E84: =D84*B84 -> 0 | G84: Tovni pilići | H84: 0 | I84: Vet. troškovi | J84: 0.05 | K84: =J84*H84 -> 0
A85: Hraniva | B85: Učešće hraniva u obroku % | C85: Ukupna potrošnja (kg) | G85: Hraniva | H85: Učešće hraniva u obroku % | I85: Ukupna potrošnja (kg)
A86: Kukuruz | B86: 100 | C86: =46*B86/100*$B$84 -> 0 | G86: Kukuruz | H86: 100 | I86: =$K$83*H86/100*$H$84 -> 0
A87: Tritikale | B87: 0 | C87: =46*B87/100*$B$84 -> 0 | G87: Tritikale | H87: 0 | I87: =$K$83*H87/100*$H$84 -> 0
A88: Pšenica | B88: 0 | C88: =46*B88/100*$B$84 -> 0 | G88: Pšenica | H88: 0 | I88: =$K$83*H88/100*$H$84 -> 0
A89: Ovas | B89: 0 | C89: =46*B89/100*$B$84 -> 0 | G89: Ovas | H89: 0 | I89: =$K$83*H89/100*$H$84 -> 0
A90: Raž | B90: 0 | C90: =46*B90/100*$B$84 -> 0 | G90: Raž | H90: 0 | I90: =$K$83*H90/100*$H$84 -> 0
A91: Ječam | B91: 0 | C91: =46*B91/100*$B$84 -> 0 | G91: Ječam | H91: 0 | I91: =$K$83*H91/100*$H$84 -> 0
A92: Concentrat III | B92: 0 | C92: =46*B92/100*$B$84 -> 0 | G92: Concentrat III | H92: 0 | I92: =$K$83*H92/100*$H$84 -> 0
B93: =SUM(B86:B92) -> 100 | C93: % | H93: =SUM(H86:H92) -> 100 | I93: %
A95: Usevi | C95: Površina (ha) | D95: Prinos (kg/ha) | E95: Ukupno (kg) | F95: Potrošnja u stočarstvu (kg) | G95: Deficit - suficit (kg) | H95: Kupovna cena (€/kg) | I95: Ukupno (€) | J95: Paritet (kg) | K95: Deficit- suficit (ha)
A96: Kukuruz | C96: ='[1]Fin. rezime i novčani tokovi'!B8 -> 0 | D96: ='[1]Fin. rezime i novčani tokovi'!E8 -> 0 | E96: =C96*D96 -> 0 | F96: =C4+I4+I23+C23+C40+I40+C54+I54+C70+I70+C86+I86 -> 0 | G96: =E96-J96-F96 -> 0 | H96: 0 | I96: =IF(G96>0,0,ABS(G96)*H96) -> 0 | J96: 0 | K96: =G96/D96 -> #DIV/0!
A97: Tritikale | C97: ='[1]Fin. rezime i novčani tokovi'!B7 -> 0 | D97: ='[1]Fin. rezime i novčani tokovi'!E7 -> 0 | E97: =C97*D97 -> 0 | F97: =C5+I5+I24+C24+C41+I41+C55+I55+C71+I71+C87+I87 -> 0 | G97: =E97-J97-F97 -> 0 | H97: 0 | I97: =IF(G97>0,0,ABS(G97)*H97) -> 0 | J97: 0 | K97: =G97/D97 -> #DIV/0!
A98: Pšenica | C98: ='[1]Fin. rezime i novčani tokovi'!B6 -> 0 | D98: ='[1]Fin. rezime i novčani tokovi'!E6 -> 0 | E98: =C98*D98 -> 0 | F98: =C6+I6+I25+C25+C42+I42+C56+I56+C72+I72+C88+I88 -> 0 | G98: =E98-J98-F98 -> 0 | H98: 0 | I98: =IF(G98>0,0,ABS(G98)*H98) -> 0 | J98: 0 | K98: =G98/D98 -> #DIV/0!
A99: Ovas | C99: ='[1]Fin. rezime i novčani tokovi'!B16 -> 0 | D99: ='[1]Fin. rezime i novčani tokovi'!E16 -> 0 | E99: =C99*D99 -> 0 | F99: =C7+I7+I26+C26+C43+I43+C57+I57+C73+I73+C89+I89 -> 0 | G99: =E99-J99-F99 -> 0 | H99: 0 | I99: =IF(G99>0,0,ABS(G99)*H99) -> 0 | J99: 0 | K99: =G99/D99 -> #DIV/0!
A100: Raž | C100: ='[1]Fin. rezime i novčani tokovi'!B15 -> 0 | D100: ='[1]Fin. rezime i novčani tokovi'!E15 -> 0 | E100: =C100*D100 -> 0 | F100: =C8+I8+I27+C27+C44+I44+C58+I58+C74+I74+C90+I90 -> 0 | G100: =E100-J100-F100 -> 0 | H100: 0 | I100: =IF(G100>0,0,ABS(G100)*H100) -> 0 | J100: 0 | K100: =G100/D100 -> #DIV/0!
A101: Ječam | C101: ='[1]Fin. rezime i novčani tokovi'!B5 -> 0 | D101: ='[1]Fin. rezime i novčani tokovi'!E5 -> 0 | E101: =+C101*D101 -> 0 | F101: =C9+I9+I28+C28+C45+I45+C59+I59+C75+I75+C91+I91 -> 0 | G101: =E101-J101-F101 -> 0 | H101: 0 | I101: =IF(G101>0,0,ABS(G101)*H101) -> 0 | J101: 0 | K101: =G101/D101 -> #DIV/0!
A102: Suncokret | C102: ='[1]Fin. rezime i novčani tokovi'!B10 -> 0 | D102: ='[1]Fin. rezime i novčani tokovi'!E10 -> 0 | E102: =+C102*D102 -> 0 | F102: =C10+I10+C29+I29+C46+I46+C60+I60+C76+I76 -> 0 | G102: =E102-J102-F102 -> 0 | H102: 0 | I102: =IF(G102>0,0,ABS(G102)*H102) -> 0 | J102: 0 | K102: =G102/D102 -> #DIV/0!
A103: Soja | C103: ='[1]Fin. rezime i novčani tokovi'!B12 -> 0 | D103: ='[1]Fin. rezime i novčani tokovi'!E12 -> 0 | E103: =+C103*D103 -> 0 | F103: =C11+I11+C30+I30+C47+I47+C61+I61+C77+I77 -> 0 | G103: =E103-J103-F103 -> 0 | H103: 0 | I103: =IF(G103>0,0,ABS(G103)*H103) -> 0 | J103: 0 | K103: =G103/D103 -> #DIV/0!
...

Sheet Priručnik
A1: RATARSKE KULTURE | D1: TROŠAK €/ha | H1: VOĆARSKE KULTURE | K1: TROŠAK €/ha
A2: JEČAM | D2: =Usevi!F27 -> 355.5774 | H2: ŠLJIVA - ekstenzivan zasad | K2: =Voće!F19 -> 208.347
A3: PŠENICA | D3: =Usevi!F62 -> 406.3616 | H3: ŠLJIVA - intenzivan zasad | K3: =Voće!F52 -> 935.702
A4: TRITIKALE | D4: =Usevi!F95 -> 387.9192 | H4: JABUKA - ekstenzivan zasad | K4: =Voće!F81 -> 411.9212
A5: KUKURUZ | D5: =Usevi!F131 -> 408.6432 | H5: JABUKA - intenzivan zasad | K5: =Voće!F131 -> 1329.5435
A6: SILAŽNI KUKURUZ | D6: =Usevi!F166 -> 462.6648 | H6: KRUŠKA | K6: =Voće!F178 -> 1108.5369
A7: SUNCOKRET | D7: =Usevi!F199 -> 318.9074 | H7: BRESKVA | K7: =Voće!F212 -> 844.9134
A8: ŠEĆERNA REPA | D8: =Usevi!F236 -> 735.1955 | H8: KAJSIJA | K8: =Voće!F237 -> 422.3535
A9: SOJA | D9: =Usevi!F276 -> 383.5099 | H9: VINOGRAD | K9: =Voće!F278 -> 1152.6194
A10: STOČNI GRAŠAK | D10: =Usevi!F304 -> 323.2154 | H10: MALINA I KUPINA | K10: =Voće!F308 -> 1119.12
A11: LUCERKA | D11: =Usevi!F339 -> 142.747 | H11: VIŠNJA | K11: =Voće!F343 -> 802.2194
A12: RAŽ | D12: =Usevi!F373 -> 343.5774 | H12: JAGODA | K12: =Voće!F369 -> 617.6016
A13: OVAS | D13: =Usevi!F406 -> 343.5774 | H13: DUNJA | K13: =Voće!F394 -> 232.1234
A14: ULJANA REPICA | D14: =Usevi!F434 -> 277.9206 | H14: MUŠMULA | K14: =Voće!F419 -> 232.1234
A15: DUVAN | D15: =Usevi!F478 -> 665.20694 | H15: LEŠNIK | K15: =Voće!F454 -> 545.8056
A16: HELJDA | D16: =Usevi!F501 -> 934.1568
H17: PLASTENICI | K17: TROŠAK €/struku, €/kg
A18: POVRTARSKE KULTURE | D18: TROŠAK €/ha | H18: PARADAJZ | K18: =Plastenici!H24 -> 0.4056499
A19: KROMPIR | D19: =Povrće!F37 -> 2559.1695 | H19: PAPRIKA SLATKA | K19: =Plastenici!H51 -> 0.23506723
A20: PASULJ | D20: =Povrće!F78 -> 1137.9293 | H20: PAPRIKA LJUTA | K20: =Plastenici!H78 -> 0.24548421
A21: ROTKVICA | D21: =Povrće!F109 -> 1332.1603 | H21: KRASTAVAC | K21: =Plastenici!H107 -> 0.49927569
A22: GRAŠAK | D22: =Povrće!F140 -> 1121.6574 | H22: KRASTAVAC KORNIŠONI | K22: =Plastenici!H136 -> 0.3591792
A23: BORANIJA | D23: =Povrće!F178 -> 1531.2548 | H23: SALATA | K23: =Plastenici!H156 -> 0.05116957
A24: LUK CRNI | D24: =Povrće!F214 -> 1737.014 | H24: SPANAĆ | K24: =Plastenici!H175 -> 0.060872107
A25: PAPRIKA | D25: =Povrće!F265 -> 1615.6414 | H25: LUK CRNI - MLADI | K25: =Plastenici!H194 -> 0.0044335806
A26: KRASTAVAC | D26: =Povrće!F302 -> 1412.5852
A27: CVEKLA | D27: =Povrće!F336 -> 1034.4265 | H27: OSTALE PROIZVODNJE | K27: TROŠAK €/ha, €/vreći
A28: PARADAJZ | D28: =Povrće!F381 -> 1433.8679 | H28: LIVADA | K28: =Ostalo!F12 -> 33.1116
A29: SPANAĆ | D29: =Povrće!F408 -> 584.5342 | H29: ŠAMPINJONI | K29: =Ostalo!F34 -> 2.77693
A30: LUBENICA | D30: =Povrće!F449 -> 1070.5498
A31: KARFIOL | D31: =Povrće!F485 -> 1043.8883 | H31: LEKOVITO I AROMATIČNO B. | K31: TROŠAK €/ha
A32: KUPUS | D32: =Povrće!F521 -> 1273.0183 | H32: KOMORAČ | K32: ='Aromatično i lekovito bilje'!F27 -> 317.3338
A33: KUPUS POSTRNI | D33: =Povrće!F553 -> 1165.1155 | H33: NANA (MENTA) | K33: ='Aromatično i lekovito bilje'!F65 -> 516.6424
A34: SALATA | D34: =Povrće!F584 -> 1316.1238 | H34: KAMILICA | K34: ='Aromatično i lekovito bilje'!F95 -> 210.6331
A35: ŠARGAREPA | D35: =Povrće!F619 -> 969.0317 | H35: MATIČNJAK | K35: ='Aromatično i lekovito bilje'!F136 -> 290.14194
A36: PERŠUN | D36: =Povrće!F654 -> 788.8967
A37: PLAVI PATLIDŽAN | D37: =Povrće!F691 -> 927.9298
